tipo,numero,status,data_extracao
RES_COSEG,1,OK,03/05/2026 10:40:40
RES_COREMEC,1,OK,03/05/2026 10:40:40
BCB,563,OK,03/05/2026 10:40:40
BCB,562,OK,03/05/2026 10:40:40
BCB,561,OK,03/05/2026 10:40:40
BCB,560,OK,03/05/2026 10:40:40
BCB,559,OK,03/05/2026 10:40:40
BCB,558,OK,03/05/2026 10:40:40
BCB,557,OK,03/05/2026 10:40:40
BCB,556,OK,03/05/2026 10:40:40
BCB,555,OK,03/05/2026 10:40:40
BCB,554,OK,03/05/2026 10:40:40
BCB,553,OK,03/05/2026 10:40:40
BCB,552,OK,03/05/2026 10:40:40
BCB,551,OK,03/05/2026 10:40:40
BCB,550,OK,03/05/2026 10:40:40
BCB,549,OK,03/05/2026 10:40:40
BCB,548,OK,03/05/2026 10:40:40
BCB,547,OK,03/05/2026 10:40:40
BCB,546,OK,03/05/2026 10:40:40
BCB,545,OK,03/05/2026 10:40:40
BCB,544,OK,03/05/2026 10:40:40
BCB,543,OK,03/05/2026 10:40:40
BCB,542,OK,03/05/2026 10:40:40
BCB,541,OK,03/05/2026 10:40:40
BCB,540,OK,03/05/2026 10:40:40
BCB,539,OK,03/05/2026 10:40:40
BCB,538,OK,03/05/2026 10:40:40
BCB,537,OK,03/05/2026 10:40:40
BCB,536,OK,03/05/2026 10:40:40
BCB,535,OK,03/05/2026 10:40:40
BCB,534,OK,03/05/2026 10:40:40
BCB,533,OK,03/05/2026 10:40:41
BCB,532,OK,03/05/2026 10:40:41
BCB,531,OK,03/05/2026 10:40:41
BCB,530,OK,03/05/2026 10:40:41
BCB,529,OK,03/05/2026 10:40:41
BCB,528,OK,03/05/2026 10:40:41
BCB,527,OK,03/05/2026 10:40:41
BCB,526,OK,03/05/2026 10:40:41
BCB,525,OK,03/05/2026 10:40:41
BCB,524,OK,03/05/2026 10:40:41
BCB,523,OK,03/05/2026 10:40:41
BCB,522,OK,03/05/2026 10:40:41
BCB,521,OK,03/05/2026 10:40:41
BCB,520,OK,03/05/2026 10:40:41
BCB,519,OK,03/05/2026 10:40:41
BCB,518,OK,03/05/2026 10:40:41
BCB,517,OK,03/05/2026 10:40:41
BCB,516,OK,03/05/2026 10:40:41
BCB,515,OK,03/05/2026 10:40:41
BCB,514,OK,03/05/2026 10:40:41
BCB,513,OK,03/05/2026 10:40:41
BCB,512,OK,03/05/2026 10:40:41
BCB,511,OK,03/05/2026 10:40:41
BCB,510,OK,03/05/2026 10:40:41
BCB,509,OK,03/05/2026 10:40:41
BCB,508,OK,03/05/2026 10:40:41
BCB,507,OK,03/05/2026 10:40:41
BCB,506,OK,03/05/2026 10:40:41
BCB,505,OK,03/05/2026 10:40:41
BCB,504,OK,03/05/2026 10:40:41
BCB,503,OK,03/05/2026 10:40:41
BCB,502,OK,03/05/2026 10:40:41
BCB,501,OK,03/05/2026 10:40:41
BCB,500,OK,03/05/2026 10:40:41
BCB,499,OK,03/05/2026 10:40:41
BCB,498,OK,03/05/2026 10:40:41
BCB,497,OK,03/05/2026 10:40:41
BCB,496,OK,03/05/2026 10:40:41
BCB,495,OK,03/05/2026 10:40:42
BCB,494,OK,03/05/2026 10:40:42
BCB,493,OK,03/05/2026 10:40:42
BCB,492,OK,03/05/2026 10:40:42
BCB,491,OK,03/05/2026 10:40:42
BCB,490,OK,03/05/2026 10:40:42
BCB,489,OK,03/05/2026 10:40:42
BCB,488,OK,03/05/2026 10:40:42
BCB,487,OK,03/05/2026 10:40:42
BCB,486,OK,03/05/2026 10:40:42
BCB,485,OK,03/05/2026 10:40:42
BCB,484,OK,03/05/2026 10:40:42
BCB,483,OK,03/05/2026 10:40:42
BCB,482,OK,03/05/2026 10:40:42
BCB,481,OK,03/05/2026 10:40:42
BCB,480,OK,03/05/2026 10:40:42
BCB,479,OK,03/05/2026 10:40:42
BCB,478,OK,03/05/2026 10:40:42
BCB,477,OK,03/05/2026 10:40:42
BCB,476,OK,03/05/2026 10:40:42
BCB,475,OK,03/05/2026 10:40:42
BCB,474,OK,03/05/2026 10:40:42
BCB,473,OK,03/05/2026 10:40:42
BCB,472,OK,03/05/2026 10:40:42
BCB,471,OK,03/05/2026 10:40:42
BCB,470,OK,03/05/2026 10:40:42
BCB,469,OK,03/05/2026 10:40:42
BCB,468,OK,03/05/2026 10:40:42
BCB,467,OK,03/05/2026 10:40:42
BCB,466,OK,03/05/2026 10:40:42
BCB,465,OK,03/05/2026 10:40:42
BCB,464,OK,03/05/2026 10:40:42
BCB,463,OK,03/05/2026 10:40:42
BCB,462,OK,03/05/2026 10:40:42
BCB,461,OK,03/05/2026 10:40:42
BCB,460,OK,03/05/2026 10:40:42
BCB,459,OK,03/05/2026 10:40:42
BCB,458,OK,03/05/2026 10:40:42
BCB,457,OK,03/05/2026 10:40:42
BCB,456,OK,03/05/2026 10:40:43
BCB,455,OK,03/05/2026 10:40:43
BCB,454,OK,03/05/2026 10:40:43
BCB,453,OK,03/05/2026 10:40:43
BCB,452,OK,03/05/2026 10:40:43
BCB,451,OK,03/05/2026 10:40:43
BCB,450,OK,03/05/2026 10:40:43
BCB,449,OK,03/05/2026 10:40:43
BCB,448,OK,03/05/2026 10:40:43
BCB,447,OK,03/05/2026 10:40:43
BCB,446,OK,03/05/2026 10:40:43
BCB,445,OK,03/05/2026 10:40:43
BCB,444,OK,03/05/2026 10:40:43
BCB,443,OK,03/05/2026 10:40:43
BCB,442,OK,03/05/2026 10:40:43
BCB,441,OK,03/05/2026 10:40:43
BCB,440,OK,03/05/2026 10:40:43
BCB,439,OK,03/05/2026 10:40:43
BCB,438,OK,03/05/2026 10:40:43
BCB,437,OK,03/05/2026 10:40:43
BCB,436,OK,03/05/2026 10:40:43
BCB,435,OK,03/05/2026 10:40:43
BCB,434,OK,03/05/2026 10:40:43
BCB,433,OK,03/05/2026 10:40:43
BCB,432,OK,03/05/2026 10:40:43
BCB,431,OK,03/05/2026 10:40:43
BCB,430,OK,03/05/2026 10:40:43
BCB,429,OK,03/05/2026 10:40:43
BCB,428,OK,03/05/2026 10:40:43
BCB,427,OK,03/05/2026 10:40:43
BCB,426,OK,03/05/2026 10:40:43
BCB,425,OK,03/05/2026 10:40:43
BCB,424,OK,03/05/2026 10:40:43
BCB,423,OK,03/05/2026 10:40:43
BCB,422,OK,03/05/2026 10:40:43
BCB,421,OK,03/05/2026 10:40:43
BCB,420,OK,03/05/2026 10:40:43
BCB,419,OK,03/05/2026 10:40:43
BCB,418,OK,03/05/2026 10:40:44
BCB,417,OK,03/05/2026 10:40:44
BCB,416,OK,03/05/2026 10:40:44
BCB,415,OK,03/05/2026 10:40:44
BCB,414,OK,03/05/2026 10:40:44
BCB,413,OK,03/05/2026 10:40:44
BCB,412,OK,03/05/2026 10:40:44
BCB,411,OK,03/05/2026 10:40:44
BCB,410,OK,03/05/2026 10:40:44
BCB,409,OK,03/05/2026 10:40:44
BCB,408,OK,03/05/2026 10:40:44
BCB,407,OK,03/05/2026 10:40:44
BCB,406,OK,03/05/2026 10:40:44
BCB,405,OK,03/05/2026 10:40:44
BCB,404,OK,03/05/2026 10:40:44
BCB,403,OK,03/05/2026 10:40:44
BCB,402,OK,03/05/2026 10:40:44
BCB,401,OK,03/05/2026 10:40:44
BCB,400,OK,03/05/2026 10:40:44
BCB,399,OK,03/05/2026 10:40:44
BCB,398,OK,03/05/2026 10:40:44
BCB,397,OK,03/05/2026 10:40:44
BCB,396,OK,03/05/2026 10:40:44
BCB,395,OK,03/05/2026 10:40:44
BCB,394,OK,03/05/2026 10:40:44
BCB,393,OK,03/05/2026 10:40:44
BCB,392,OK,03/05/2026 10:40:44
BCB,391,OK,03/05/2026 10:40:44
BCB,390,OK,03/05/2026 10:40:44
BCB,389,OK,03/05/2026 10:40:44
BCB,388,OK,03/05/2026 10:40:44
BCB,387,OK,03/05/2026 10:40:44
BCB,386,OK,03/05/2026 10:40:44
BCB,385,OK,03/05/2026 10:40:44
BCB,384,OK,03/05/2026 10:40:44
BCB,383,OK,03/05/2026 10:40:44
BCB,382,OK,03/05/2026 10:40:44
BCB,381,OK,03/05/2026 10:40:44
BCB,380,OK,03/05/2026 10:40:44
BCB,379,OK,03/05/2026 10:40:44
BCB,378,OK,03/05/2026 10:40:45
BCB,377,OK,03/05/2026 10:40:45
BCB,376,OK,03/05/2026 10:40:45
BCB,375,OK,03/05/2026 10:40:45
BCB,374,OK,03/05/2026 10:40:45
BCB,373,OK,03/05/2026 10:40:45
BCB,372,OK,03/05/2026 10:40:45
BCB,371,OK,03/05/2026 10:40:45
BCB,370,OK,03/05/2026 10:40:45
BCB,369,OK,03/05/2026 10:40:45
BCB,368,OK,03/05/2026 10:40:45
BCB,367,OK,03/05/2026 10:40:45
BCB,366,OK,03/05/2026 10:40:45
BCB,365,OK,03/05/2026 10:40:45
BCB,364,OK,03/05/2026 10:40:45
BCB,363,OK,03/05/2026 10:40:45
BCB,362,OK,03/05/2026 10:40:45
BCB,361,OK,03/05/2026 10:40:45
BCB,360,OK,03/05/2026 10:40:45
BCB,359,OK,03/05/2026 10:40:45
BCB,358,OK,03/05/2026 10:40:45
BCB,357,OK,03/05/2026 10:40:45
BCB,356,OK,03/05/2026 10:40:45
BCB,355,OK,03/05/2026 10:40:45
BCB,354,OK,03/05/2026 10:40:45
BCB,353,OK,03/05/2026 10:40:45
BCB,352,OK,03/05/2026 10:40:45
BCB,351,OK,03/05/2026 10:40:45
BCB,350,OK,03/05/2026 10:40:45
BCB,349,OK,03/05/2026 10:40:45
BCB,348,OK,03/05/2026 10:40:45
BCB,347,OK,03/05/2026 10:40:45
BCB,346,OK,03/05/2026 10:40:45
BCB,345,OK,03/05/2026 10:40:45
BCB,344,OK,03/05/2026 10:40:45
BCB,343,OK,03/05/2026 10:40:45
BCB,342,OK,03/05/2026 10:40:45
BCB,341,OK,03/05/2026 10:40:45
BCB,340,OK,03/05/2026 10:40:45
BCB,339,OK,03/05/2026 10:40:45
BCB,338,OK,03/05/2026 10:40:45
BCB,337,OK,03/05/2026 10:40:45
BCB,336,OK,03/05/2026 10:40:46
BCB,335,OK,03/05/2026 10:40:46
BCB,334,OK,03/05/2026 10:40:46
BCB,333,OK,03/05/2026 10:40:46
BCB,332,OK,03/05/2026 10:40:46
BCB,331,OK,03/05/2026 10:40:46
BCB,330,OK,03/05/2026 10:40:46
BCB,329,OK,03/05/2026 10:40:46
BCB,328,OK,03/05/2026 10:40:46
BCB,327,OK,03/05/2026 10:40:46
BCB,326,OK,03/05/2026 10:40:46
BCB,325,OK,03/05/2026 10:40:46
BCB,324,OK,03/05/2026 10:40:46
BCB,323,OK,03/05/2026 10:40:46
BCB,322,OK,03/05/2026 10:40:46
BCB,321,OK,03/05/2026 10:40:46
BCB,320,OK,03/05/2026 10:40:46
BCB,319,OK,03/05/2026 10:40:46
BCB,318,OK,03/05/2026 10:40:46
BCB,317,OK,03/05/2026 10:40:46
BCB,316,OK,03/05/2026 10:40:46
BCB,315,OK,03/05/2026 10:40:46
BCB,314,OK,03/05/2026 10:40:46
BCB,313,OK,03/05/2026 10:40:46
BCB,312,OK,03/05/2026 10:40:46
BCB,311,OK,03/05/2026 10:40:46
BCB,310,OK,03/05/2026 10:40:46
BCB,309,OK,03/05/2026 10:40:46
BCB,308,OK,03/05/2026 10:40:46
BCB,307,OK,03/05/2026 10:40:46
BCB,306,OK,03/05/2026 10:40:46
BCB,305,OK,03/05/2026 10:40:46
BCB,304,OK,03/05/2026 10:40:46
BCB,303,OK,03/05/2026 10:40:46
BCB,302,OK,03/05/2026 10:40:46
BCB,301,OK,03/05/2026 10:40:46
BCB,300,OK,03/05/2026 10:40:46
BCB,299,OK,03/05/2026 10:40:46
BCB,298,OK,03/05/2026 10:40:46
BCB,297,OK,03/05/2026 10:40:46
BCB,296,OK,03/05/2026 10:40:46
BCB,295,OK,03/05/2026 10:40:47
BCB,294,OK,03/05/2026 10:40:47
BCB,293,OK,03/05/2026 10:40:47
BCB,292,OK,03/05/2026 10:40:47
BCB,291,OK,03/05/2026 10:40:47
BCB,290,OK,03/05/2026 10:40:47
BCB,289,OK,03/05/2026 10:40:47
BCB,288,OK,03/05/2026 10:40:47
BCB,287,OK,03/05/2026 10:40:47
BCB,286,OK,03/05/2026 10:40:47
BCB,285,OK,03/05/2026 10:40:47
BCB,284,OK,03/05/2026 10:40:47
BCB,283,OK,03/05/2026 10:40:47
BCB,282,OK,03/05/2026 10:40:47
BCB,281,OK,03/05/2026 10:40:47
BCB,280,OK,03/05/2026 10:40:47
BCB,279,OK,03/05/2026 10:40:47
BCB,278,OK,03/05/2026 10:40:47
BCB,277,OK,03/05/2026 10:40:47
BCB,276,OK,03/05/2026 10:40:47
BCB,275,OK,03/05/2026 10:40:47
BCB,274,OK,03/05/2026 10:40:47
BCB,273,OK,03/05/2026 10:40:47
BCB,272,OK,03/05/2026 10:40:47
BCB,271,OK,03/05/2026 10:40:47
BCB,270,OK,03/05/2026 10:40:47
BCB,269,OK,03/05/2026 10:40:47
BCB,268,OK,03/05/2026 10:40:47
BCB,267,OK,03/05/2026 10:40:47
BCB,266,OK,03/05/2026 10:40:47
BCB,265,OK,03/05/2026 10:40:47
BCB,264,OK,03/05/2026 10:40:47
BCB,263,OK,03/05/2026 10:40:47
BCB,262,OK,03/05/2026 10:40:47
BCB,261,OK,03/05/2026 10:40:47
BCB,260,OK,03/05/2026 10:40:47
BCB,259,OK,03/05/2026 10:40:48
BCB,258,OK,03/05/2026 10:40:48
BCB,257,OK,03/05/2026 10:40:48
BCB,256,OK,03/05/2026 10:40:48
BCB,255,OK,03/05/2026 10:40:48
BCB,254,OK,03/05/2026 10:40:48
BCB,253,OK,03/05/2026 10:40:48
BCB,252,OK,03/05/2026 10:40:48
BCB,251,OK,03/05/2026 10:40:48
BCB,250,OK,03/05/2026 10:40:48
BCB,249,OK,03/05/2026 10:40:48
BCB,248,OK,03/05/2026 10:40:48
BCB,247,OK,03/05/2026 10:40:48
BCB,246,OK,03/05/2026 10:40:48
BCB,245,OK,03/05/2026 10:40:48
BCB,244,OK,03/05/2026 10:40:48
BCB,243,OK,03/05/2026 10:40:48
BCB,242,OK,03/05/2026 10:40:48
BCB,241,OK,03/05/2026 10:40:48
BCB,240,OK,03/05/2026 10:40:48
BCB,239,OK,03/05/2026 10:40:48
BCB,238,OK,03/05/2026 10:40:48
BCB,237,OK,03/05/2026 10:40:48
BCB,236,OK,03/05/2026 10:40:48
BCB,235,OK,03/05/2026 10:40:48
BCB,234,OK,03/05/2026 10:40:48
BCB,233,OK,03/05/2026 10:40:48
BCB,232,OK,03/05/2026 10:40:48
BCB,231,OK,03/05/2026 10:40:48
BCB,230,OK,03/05/2026 10:40:48
BCB,229,OK,03/05/2026 10:40:48
BCB,228,OK,03/05/2026 10:40:48
BCB,227,OK,03/05/2026 10:40:48
BCB,226,OK,03/05/2026 10:40:48
BCB,225,OK,03/05/2026 10:40:48
BCB,224,OK,03/05/2026 10:40:48
BCB,223,OK,03/05/2026 10:40:49
BCB,222,OK,03/05/2026 10:40:49
BCB,221,OK,03/05/2026 10:40:49
BCB,220,OK,03/05/2026 10:40:49
BCB,219,OK,03/05/2026 10:40:49
BCB,218,OK,03/05/2026 10:40:49
BCB,217,OK,03/05/2026 10:40:49
BCB,216,OK,03/05/2026 10:40:49
BCB,215,OK,03/05/2026 10:40:49
BCB,214,OK,03/05/2026 10:40:49
BCB,213,OK,03/05/2026 10:40:49
BCB,212,OK,03/05/2026 10:40:49
BCB,211,OK,03/05/2026 10:40:49
BCB,210,OK,03/05/2026 10:40:49
BCB,209,OK,03/05/2026 10:40:49
BCB,208,OK,03/05/2026 10:40:49
BCB,207,OK,03/05/2026 10:40:49
BCB,206,OK,03/05/2026 10:40:49
BCB,205,OK,03/05/2026 10:40:49
BCB,204,OK,03/05/2026 10:40:49
BCB,203,OK,03/05/2026 10:40:49
BCB,202,OK,03/05/2026 10:40:49
BCB,201,OK,03/05/2026 10:40:49
BCB,200,OK,03/05/2026 10:40:49
BCB,199,OK,03/05/2026 10:40:49
BCB,198,OK,03/05/2026 10:40:49
BCB,197,OK,03/05/2026 10:40:49
BCB,196,OK,03/05/2026 10:40:49
BCB,195,OK,03/05/2026 10:40:49
BCB,194,OK,03/05/2026 10:40:49
BCB,193,OK,03/05/2026 10:40:49
BCB,192,OK,03/05/2026 10:40:49
BCB,191,OK,03/05/2026 10:40:49
BCB,190,OK,03/05/2026 10:40:49
BCB,189,OK,03/05/2026 10:40:50
BCB,188,OK,03/05/2026 10:40:50
BCB,187,OK,03/05/2026 10:40:50
BCB,186,OK,03/05/2026 10:40:50
BCB,185,OK,03/05/2026 10:40:50
BCB,184,OK,03/05/2026 10:40:50
BCB,183,OK,03/05/2026 10:40:50
BCB,182,OK,03/05/2026 10:40:50
BCB,181,OK,03/05/2026 10:40:50
BCB,180,OK,03/05/2026 10:40:50
BCB,179,OK,03/05/2026 10:40:50
BCB,178,OK,03/05/2026 10:40:50
BCB,177,OK,03/05/2026 10:40:50
BCB,176,OK,03/05/2026 10:40:50
BCB,175,OK,03/05/2026 10:40:50
BCB,174,OK,03/05/2026 10:40:50
BCB,173,OK,03/05/2026 10:40:50
BCB,172,OK,03/05/2026 10:40:50
BCB,171,OK,03/05/2026 10:40:50
BCB,170,OK,03/05/2026 10:40:50
BCB,169,OK,03/05/2026 10:40:50
BCB,168,OK,03/05/2026 10:40:50
BCB,167,OK,03/05/2026 10:40:50
BCB,166,OK,03/05/2026 10:40:50
BCB,165,OK,03/05/2026 10:40:50
BCB,164,OK,03/05/2026 10:40:50
BCB,163,OK,03/05/2026 10:40:50
BCB,162,OK,03/05/2026 10:40:50
BCB,161,OK,03/05/2026 10:40:50
BCB,160,OK,03/05/2026 10:40:50
BCB,159,OK,03/05/2026 10:40:50
BCB,158,OK,03/05/2026 10:40:50
BCB,157,OK,03/05/2026 10:40:50
BCB,156,OK,03/05/2026 10:40:50
BCB,155,OK,03/05/2026 10:40:51
BCB,154,OK,03/05/2026 10:40:51
BCB,153,OK,03/05/2026 10:40:51
BCB,152,OK,03/05/2026 10:40:51
BCB,151,OK,03/05/2026 10:40:51
BCB,150,OK,03/05/2026 10:40:51
BCB,149,OK,03/05/2026 10:40:51
BCB,148,OK,03/05/2026 10:40:51
BCB,147,OK,03/05/2026 10:40:51
BCB,146,OK,03/05/2026 10:40:51
BCB,145,OK,03/05/2026 10:40:51
BCB,144,OK,03/05/2026 10:40:51
BCB,143,OK,03/05/2026 10:40:51
BCB,142,OK,03/05/2026 10:40:51
BCB,141,OK,03/05/2026 10:40:51
BCB,140,OK,03/05/2026 10:40:51
BCB,139,OK,03/05/2026 10:40:51
BCB,138,OK,03/05/2026 10:40:51
BCB,137,OK,03/05/2026 10:40:51
BCB,136,OK,03/05/2026 10:40:51
BCB,135,OK,03/05/2026 10:40:51
BCB,134,OK,03/05/2026 10:40:51
BCB,133,OK,03/05/2026 10:40:51
BCB,132,OK,03/05/2026 10:40:51
BCB,131,OK,03/05/2026 10:40:51
BCB,130,OK,03/05/2026 10:40:51
BCB,129,OK,03/05/2026 10:40:51
BCB,128,OK,03/05/2026 10:40:51
BCB,127,OK,03/05/2026 10:40:51
BCB,126,OK,03/05/2026 10:40:51
BCB,125,OK,03/05/2026 10:40:51
BCB,124,OK,03/05/2026 10:40:51
BCB,123,OK,03/05/2026 10:40:51
BCB,122,OK,03/05/2026 10:40:51
BCB,121,OK,03/05/2026 10:40:51
BCB,120,OK,03/05/2026 10:40:51
BCB,119,OK,03/05/2026 10:40:51
BCB,118,OK,03/05/2026 10:40:52
BCB,117,OK,03/05/2026 10:40:52
BCB,116,OK,03/05/2026 10:40:52
BCB,115,OK,03/05/2026 10:40:52
BCB,114,OK,03/05/2026 10:40:52
BCB,113,OK,03/05/2026 10:40:52
BCB,112,OK,03/05/2026 10:40:52
BCB,111,OK,03/05/2026 10:40:52
BCB,110,OK,03/05/2026 10:40:52
BCB,109,OK,03/05/2026 10:40:52
BCB,108,OK,03/05/2026 10:40:52
BCB,107,OK,03/05/2026 10:40:52
BCB,106,OK,03/05/2026 10:40:52
BCB,105,OK,03/05/2026 10:40:52
BCB,104,OK,03/05/2026 10:40:52
BCB,103,OK,03/05/2026 10:40:52
BCB,102,OK,03/05/2026 10:40:52
BCB,101,OK,03/05/2026 10:40:52
BCB,100,OK,03/05/2026 10:40:52
BCB,99,OK,03/05/2026 10:40:52
BCB,98,OK,03/05/2026 10:40:52
BCB,97,OK,03/05/2026 10:40:52
BCB,96,OK,03/05/2026 10:40:52
BCB,95,OK,03/05/2026 10:40:52
BCB,94,OK,03/05/2026 10:40:52
BCB,93,OK,03/05/2026 10:40:52
BCB,92,OK,03/05/2026 10:40:52
BCB,91,OK,03/05/2026 10:40:52
BCB,90,OK,03/05/2026 10:40:52
BCB,89,OK,03/05/2026 10:40:52
BCB,88,OK,03/05/2026 10:40:52
BCB,87,OK,03/05/2026 10:40:52
BCB,86,OK,03/05/2026 10:40:52
BCB,85,OK,03/05/2026 10:40:52
BCB,84,OK,03/05/2026 10:40:53
BCB,83,OK,03/05/2026 10:40:53
BCB,82,OK,03/05/2026 10:40:53
BCB,81,OK,03/05/2026 10:40:53
BCB,80,OK,03/05/2026 10:40:53
BCB,79,OK,03/05/2026 10:40:53
BCB,78,OK,03/05/2026 10:40:53
BCB,77,OK,03/05/2026 10:40:53
BCB,76,OK,03/05/2026 10:40:53
BCB,75,OK,03/05/2026 10:40:53
BCB,74,OK,03/05/2026 10:40:53
BCB,73,OK,03/05/2026 10:40:53
BCB,72,OK,03/05/2026 10:40:53
BCB,71,OK,03/05/2026 10:40:53
BCB,70,OK,03/05/2026 10:40:53
BCB,69,OK,03/05/2026 10:40:53
BCB,68,OK,03/05/2026 10:40:53
BCB,67,OK,03/05/2026 10:40:53
BCB,66,OK,03/05/2026 10:40:53
BCB,65,OK,03/05/2026 10:40:53
BCB,64,OK,03/05/2026 10:40:53
BCB,63,OK,03/05/2026 10:40:53
BCB,62,OK,03/05/2026 10:40:53
BCB,61,OK,03/05/2026 10:40:53
BCB,60,OK,03/05/2026 10:40:53
BCB,59,OK,03/05/2026 10:40:53
BCB,58,OK,03/05/2026 10:40:53
BCB,57,OK,03/05/2026 10:40:53
BCB,56,OK,03/05/2026 10:40:53
BCB,55,OK,03/05/2026 10:40:53
BCB,54,OK,03/05/2026 10:40:53
BCB,53,OK,03/05/2026 10:40:53
BCB,52,OK,03/05/2026 10:40:53
BCB,51,OK,03/05/2026 10:40:53
BCB,50,OK,03/05/2026 10:40:54
BCB,49,OK,03/05/2026 10:40:54
BCB,48,OK,03/05/2026 10:40:54
BCB,47,OK,03/05/2026 10:40:54
BCB,46,OK,03/05/2026 10:40:54
BCB,45,OK,03/05/2026 10:40:54
BCB,44,OK,03/05/2026 10:40:54
BCB,43,OK,03/05/2026 10:40:54
BCB,42,OK,03/05/2026 10:40:54
BCB,41,OK,03/05/2026 10:40:54
BCB,40,OK,03/05/2026 10:40:54
BCB,39,OK,03/05/2026 10:40:54
BCB,38,OK,03/05/2026 10:40:54
BCB,37,OK,03/05/2026 10:40:54
BCB,36,OK,03/05/2026 10:40:54
BCB,35,OK,03/05/2026 10:40:54
BCB,34,OK,03/05/2026 10:40:54
BCB,33,OK,03/05/2026 10:40:54
BCB,32,OK,03/05/2026 10:40:54
BCB,31,OK,03/05/2026 10:40:54
BCB,30,OK,03/05/2026 10:40:54
BCB,29,OK,03/05/2026 10:40:54
BCB,28,OK,03/05/2026 10:40:54
BCB,27,OK,03/05/2026 10:40:54
BCB,26,OK,03/05/2026 10:40:54
BCB,25,OK,03/05/2026 10:40:54
BCB,24,OK,03/05/2026 10:40:54
BCB,23,OK,03/05/2026 10:40:54
BCB,22,OK,03/05/2026 10:40:54
BCB,21,OK,03/05/2026 10:40:54
BCB,20,OK,03/05/2026 10:40:54
BCB,19,OK,03/05/2026 10:40:54
BCB,18,OK,03/05/2026 10:40:54
BCB,17,OK,03/05/2026 10:40:55
BCB,16,OK,03/05/2026 10:40:55
BCB,15,OK,03/05/2026 10:40:55
BCB,14,OK,03/05/2026 10:40:55
BCB,13,OK,03/05/2026 10:40:55
BCB,12,OK,03/05/2026 10:40:55
BCB,11,OK,03/05/2026 10:40:55
BCB,10,OK,03/05/2026 10:40:55
BCB,9,OK,03/05/2026 10:40:55
BCB,8,OK,03/05/2026 10:40:55
BCB,7,OK,03/05/2026 10:40:55
BCB,6,OK,03/05/2026 10:40:55
BCB,5,OK,03/05/2026 10:40:55
BCB,4,OK,03/05/2026 10:40:55
BCB,3,OK,03/05/2026 10:40:55
BCB,2,OK,03/05/2026 10:40:55
BCB,1,OK,03/05/2026 10:40:55
IN_BCB,731,OK,03/05/2026 10:40:55
IN_BCB,730,OK,03/05/2026 10:40:55
IN_BCB,729,OK,03/05/2026 10:40:55
IN_BCB,728,OK,03/05/2026 10:40:55
IN_BCB,727,OK,03/05/2026 10:40:55
IN_BCB,726,OK,03/05/2026 10:40:55
IN_BCB,725,OK,03/05/2026 10:40:55
IN_BCB,724,OK,03/05/2026 10:40:55
IN_BCB,723,OK,03/05/2026 10:40:55
IN_BCB,722,OK,03/05/2026 10:40:55
IN_BCB,721,OK,03/05/2026 10:40:55
IN_BCB,720,OK,03/05/2026 10:40:55
IN_BCB,719,OK,03/05/2026 10:40:55
IN_BCB,718,OK,03/05/2026 10:40:55
IN_BCB,717,OK,03/05/2026 10:40:55
IN_BCB,716,OK,03/05/2026 10:40:55
IN_BCB,715,OK,03/05/2026 10:40:55
IN_BCB,714,OK,03/05/2026 10:40:56
IN_BCB,713,OK,03/05/2026 10:40:56
IN_BCB,712,OK,03/05/2026 10:40:56
IN_BCB,711,OK,03/05/2026 10:40:56
IN_BCB,710,OK,03/05/2026 10:40:56
IN_BCB,709,OK,03/05/2026 10:40:56
IN_BCB,708,OK,03/05/2026 10:40:56
IN_BCB,707,OK,03/05/2026 10:40:56
IN_BCB,706,OK,03/05/2026 10:40:56
IN_BCB,705,OK,03/05/2026 10:40:56
IN_BCB,704,OK,03/05/2026 10:40:56
IN_BCB,703,OK,03/05/2026 10:40:56
IN_BCB,702,OK,03/05/2026 10:40:56
IN_BCB,701,OK,03/05/2026 10:40:56
IN_BCB,700,OK,03/05/2026 10:40:56
IN_BCB,699,OK,03/05/2026 10:40:56
IN_BCB,698,OK,03/05/2026 10:40:56
IN_BCB,697,OK,03/05/2026 10:40:56
IN_BCB,696,OK,03/05/2026 10:40:56
IN_BCB,695,OK,03/05/2026 10:40:56
IN_BCB,694,OK,03/05/2026 10:40:56
IN_BCB,693,OK,03/05/2026 10:40:56
IN_BCB,692,OK,03/05/2026 10:40:56
IN_BCB,691,OK,03/05/2026 10:40:56
IN_BCB,690,OK,03/05/2026 10:40:56
IN_BCB,689,OK,03/05/2026 10:40:56
IN_BCB,688,OK,03/05/2026 10:40:56
IN_BCB,687,OK,03/05/2026 10:40:56
IN_BCB,686,OK,03/05/2026 10:40:56
IN_BCB,685,OK,03/05/2026 10:40:56
IN_BCB,684,OK,03/05/2026 10:40:56
IN_BCB,683,OK,03/05/2026 10:40:56
IN_BCB,682,OK,03/05/2026 10:40:56
IN_BCB,681,OK,03/05/2026 10:40:56
IN_BCB,680,OK,03/05/2026 10:40:56
IN_BCB,679,OK,03/05/2026 10:40:56
IN_BCB,678,OK,03/05/2026 10:40:57
IN_BCB,677,OK,03/05/2026 10:40:57
IN_BCB,676,OK,03/05/2026 10:40:57
IN_BCB,675,OK,03/05/2026 10:40:57
IN_BCB,674,OK,03/05/2026 10:40:57
IN_BCB,673,OK,03/05/2026 10:40:57
IN_BCB,672,OK,03/05/2026 10:40:57
IN_BCB,671,OK,03/05/2026 10:40:57
IN_BCB,670,OK,03/05/2026 10:40:57
IN_BCB,669,OK,03/05/2026 10:40:57
IN_BCB,668,OK,03/05/2026 10:40:57
IN_BCB,667,OK,03/05/2026 10:40:57
IN_BCB,666,OK,03/05/2026 10:40:57
IN_BCB,665,OK,03/05/2026 10:40:57
IN_BCB,664,OK,03/05/2026 10:40:57
IN_BCB,663,OK,03/05/2026 10:40:57
IN_BCB,662,OK,03/05/2026 10:40:57
IN_BCB,661,OK,03/05/2026 10:40:57
IN_BCB,660,OK,03/05/2026 10:40:57
IN_BCB,659,OK,03/05/2026 10:40:57
IN_BCB,658,OK,03/05/2026 10:40:57
IN_BCB,657,OK,03/05/2026 10:40:57
IN_BCB,656,OK,03/05/2026 10:40:57
IN_BCB,655,OK,03/05/2026 10:40:57
IN_BCB,654,OK,03/05/2026 10:40:57
IN_BCB,653,OK,03/05/2026 10:40:57
IN_BCB,652,OK,03/05/2026 10:40:57
IN_BCB,651,OK,03/05/2026 10:40:57
IN_BCB,650,OK,03/05/2026 10:40:57
IN_BCB,649,OK,03/05/2026 10:40:57
IN_BCB,648,OK,03/05/2026 10:40:57
IN_BCB,647,OK,03/05/2026 10:40:57
IN_BCB,646,OK,03/05/2026 10:40:57
IN_BCB,645,OK,03/05/2026 10:40:57
IN_BCB,644,OK,03/05/2026 10:40:58
IN_BCB,643,OK,03/05/2026 10:40:58
IN_BCB,642,OK,03/05/2026 10:40:58
IN_BCB,641,OK,03/05/2026 10:40:58
IN_BCB,640,OK,03/05/2026 10:40:58
IN_BCB,639,OK,03/05/2026 10:40:58
IN_BCB,638,OK,03/05/2026 10:40:58
IN_BCB,637,OK,03/05/2026 10:40:58
IN_BCB,636,OK,03/05/2026 10:40:58
IN_BCB,635,OK,03/05/2026 10:40:58
IN_BCB,634,OK,03/05/2026 10:40:58
IN_BCB,633,OK,03/05/2026 10:40:58
IN_BCB,632,OK,03/05/2026 10:40:58
IN_BCB,631,OK,03/05/2026 10:40:58
IN_BCB,630,OK,03/05/2026 10:40:58
IN_BCB,629,OK,03/05/2026 10:40:58
IN_BCB,628,OK,03/05/2026 10:40:58
IN_BCB,627,OK,03/05/2026 10:40:58
IN_BCB,626,OK,03/05/2026 10:40:58
IN_BCB,625,OK,03/05/2026 10:40:58
IN_BCB,624,OK,03/05/2026 10:40:58
IN_BCB,623,OK,03/05/2026 10:40:58
IN_BCB,622,OK,03/05/2026 10:40:58
IN_BCB,621,OK,03/05/2026 10:40:58
IN_BCB,620,OK,03/05/2026 10:40:58
IN_BCB,619,OK,03/05/2026 10:40:58
IN_BCB,618,OK,03/05/2026 10:40:58
IN_BCB,617,OK,03/05/2026 10:40:58
IN_BCB,616,OK,03/05/2026 10:40:58
IN_BCB,615,OK,03/05/2026 10:40:58
IN_BCB,614,OK,03/05/2026 10:40:58
IN_BCB,613,OK,03/05/2026 10:40:58
IN_BCB,612,OK,03/05/2026 10:40:58
IN_BCB,611,OK,03/05/2026 10:40:58
IN_BCB,610,OK,03/05/2026 10:40:58
IN_BCB,609,OK,03/05/2026 10:40:58
IN_BCB,608,OK,03/05/2026 10:40:59
IN_BCB,607,OK,03/05/2026 10:40:59
IN_BCB,606,OK,03/05/2026 10:40:59
IN_BCB,605,OK,03/05/2026 10:40:59
IN_BCB,604,OK,03/05/2026 10:40:59
IN_BCB,603,OK,03/05/2026 10:40:59
IN_BCB,602,OK,03/05/2026 10:40:59
IN_BCB,601,OK,03/05/2026 10:40:59
IN_BCB,600,OK,03/05/2026 10:40:59
IN_BCB,599,OK,03/05/2026 10:40:59
IN_BCB,598,OK,03/05/2026 10:40:59
IN_BCB,597,OK,03/05/2026 10:40:59
IN_BCB,596,OK,03/05/2026 10:40:59
IN_BCB,595,OK,03/05/2026 10:40:59
IN_BCB,594,OK,03/05/2026 10:40:59
IN_BCB,593,OK,03/05/2026 10:40:59
IN_BCB,592,OK,03/05/2026 10:40:59
IN_BCB,591,OK,03/05/2026 10:40:59
IN_BCB,590,OK,03/05/2026 10:40:59
IN_BCB,589,OK,03/05/2026 10:40:59
IN_BCB,588,OK,03/05/2026 10:40:59
IN_BCB,587,OK,03/05/2026 10:40:59
IN_BCB,586,OK,03/05/2026 10:40:59
IN_BCB,585,OK,03/05/2026 10:40:59
IN_BCB,584,OK,03/05/2026 10:40:59
IN_BCB,583,OK,03/05/2026 10:40:59
IN_BCB,582,OK,03/05/2026 10:40:59
IN_BCB,581,OK,03/05/2026 10:40:59
IN_BCB,580,OK,03/05/2026 10:40:59
IN_BCB,579,OK,03/05/2026 10:40:59
IN_BCB,578,OK,03/05/2026 10:40:59
IN_BCB,577,OK,03/05/2026 10:40:59
IN_BCB,576,OK,03/05/2026 10:40:59
IN_BCB,575,OK,03/05/2026 10:40:59
IN_BCB,574,OK,03/05/2026 10:41:00
IN_BCB,573,OK,03/05/2026 10:41:00
IN_BCB,572,OK,03/05/2026 10:41:00
IN_BCB,571,OK,03/05/2026 10:41:00
IN_BCB,570,OK,03/05/2026 10:41:00
IN_BCB,569,OK,03/05/2026 10:41:00
IN_BCB,568,OK,03/05/2026 10:41:00
IN_BCB,567,OK,03/05/2026 10:41:00
IN_BCB,566,OK,03/05/2026 10:41:00
IN_BCB,565,OK,03/05/2026 10:41:00
IN_BCB,564,OK,03/05/2026 10:41:00
IN_BCB,563,OK,03/05/2026 10:41:00
IN_BCB,562,OK,03/05/2026 10:41:00
IN_BCB,561,OK,03/05/2026 10:41:00
IN_BCB,560,OK,03/05/2026 10:41:00
IN_BCB,559,OK,03/05/2026 10:41:00
IN_BCB,558,OK,03/05/2026 10:41:00
IN_BCB,557,OK,03/05/2026 10:41:00
IN_BCB,556,OK,03/05/2026 10:41:00
IN_BCB,555,OK,03/05/2026 10:41:00
IN_BCB,554,OK,03/05/2026 10:41:00
IN_BCB,553,OK,03/05/2026 10:41:00
IN_BCB,552,OK,03/05/2026 10:41:00
IN_BCB,551,OK,03/05/2026 10:41:00
IN_BCB,550,OK,03/05/2026 10:41:00
IN_BCB,549,OK,03/05/2026 10:41:00
IN_BCB,548,PENDENTE,03/05/2026 10:41:32
IN_BCB,547,OK,03/05/2026 10:41:32
IN_BCB,546,OK,03/05/2026 10:41:32
IN_BCB,545,OK,03/05/2026 10:41:32
IN_BCB,544,OK,03/05/2026 10:41:32
IN_BCB,543,OK,03/05/2026 10:41:32
IN_BCB,542,OK,03/05/2026 10:41:32
IN_BCB,541,OK,03/05/2026 10:41:32
IN_BCB,540,OK,03/05/2026 10:41:32
IN_BCB,539,OK,03/05/2026 10:41:32
IN_BCB,538,OK,03/05/2026 10:41:32
IN_BCB,537,OK,03/05/2026 10:41:32
IN_BCB,536,OK,03/05/2026 10:41:32
IN_BCB,535,OK,03/05/2026 10:41:32
IN_BCB,534,OK,03/05/2026 10:41:32
IN_BCB,533,OK,03/05/2026 10:41:32
IN_BCB,532,OK,03/05/2026 10:41:32
IN_BCB,531,OK,03/05/2026 10:41:32
IN_BCB,530,OK,03/05/2026 10:41:32
IN_BCB,529,OK,03/05/2026 10:41:32
IN_BCB,528,OK,03/05/2026 10:41:32
IN_BCB,527,OK,03/05/2026 10:41:32
IN_BCB,526,OK,03/05/2026 10:41:32
IN_BCB,525,OK,03/05/2026 10:41:32
IN_BCB,524,OK,03/05/2026 10:41:32
IN_BCB,523,OK,03/05/2026 10:41:32
IN_BCB,522,OK,03/05/2026 10:41:32
IN_BCB,521,OK,03/05/2026 10:41:33
IN_BCB,520,OK,03/05/2026 10:41:33
IN_BCB,519,OK,03/05/2026 10:41:33
IN_BCB,518,OK,03/05/2026 10:41:33
IN_BCB,517,OK,03/05/2026 10:41:33
IN_BCB,516,OK,03/05/2026 10:41:33
IN_BCB,515,OK,03/05/2026 10:41:33
IN_BCB,514,OK,03/05/2026 10:41:33
IN_BCB,513,OK,03/05/2026 10:41:33
IN_BCB,512,OK,03/05/2026 10:41:33
IN_BCB,511,OK,03/05/2026 10:41:33
IN_BCB,510,OK,03/05/2026 10:41:33
IN_BCB,509,OK,03/05/2026 10:41:33
IN_BCB,508,OK,03/05/2026 10:41:33
IN_BCB,507,OK,03/05/2026 10:41:33
IN_BCB,506,OK,03/05/2026 10:41:33
IN_BCB,505,OK,03/05/2026 10:41:33
IN_BCB,504,OK,03/05/2026 10:41:33
IN_BCB,503,OK,03/05/2026 10:41:33
IN_BCB,502,OK,03/05/2026 10:41:33
IN_BCB,501,OK,03/05/2026 10:41:33
IN_BCB,500,OK,03/05/2026 10:41:33
IN_BCB,499,OK,03/05/2026 10:41:33
IN_BCB,498,OK,03/05/2026 10:41:33
IN_BCB,497,OK,03/05/2026 10:41:33
IN_BCB,496,OK,03/05/2026 10:41:33
IN_BCB,495,OK,03/05/2026 10:41:33
IN_BCB,494,OK,03/05/2026 10:41:33
IN_BCB,493,OK,03/05/2026 10:41:33
IN_BCB,492,OK,03/05/2026 10:41:33
IN_BCB,491,OK,03/05/2026 10:41:33
IN_BCB,490,OK,03/05/2026 10:41:33
IN_BCB,489,OK,03/05/2026 10:41:33
IN_BCB,488,OK,03/05/2026 10:41:33
IN_BCB,487,OK,03/05/2026 10:41:33
IN_BCB,486,OK,03/05/2026 10:41:33
IN_BCB,485,OK,03/05/2026 10:41:33
IN_BCB,484,OK,03/05/2026 10:41:33
IN_BCB,483,OK,03/05/2026 10:41:33
IN_BCB,482,OK,03/05/2026 10:41:33
IN_BCB,481,OK,03/05/2026 10:41:33
IN_BCB,480,OK,03/05/2026 10:41:33
IN_BCB,479,OK,03/05/2026 10:41:33
IN_BCB,478,OK,03/05/2026 10:41:33
IN_BCB,477,OK,03/05/2026 10:41:33
IN_BCB,476,OK,03/05/2026 10:41:34
IN_BCB,475,OK,03/05/2026 10:41:34
IN_BCB,474,OK,03/05/2026 10:41:34
IN_BCB,473,OK,03/05/2026 10:41:34
IN_BCB,472,OK,03/05/2026 10:41:34
IN_BCB,471,OK,03/05/2026 10:41:34
IN_BCB,470,OK,03/05/2026 10:41:34
IN_BCB,469,OK,03/05/2026 10:41:34
IN_BCB,468,OK,03/05/2026 10:41:34
IN_BCB,467,OK,03/05/2026 10:41:34
IN_BCB,466,OK,03/05/2026 10:41:34
IN_BCB,465,OK,03/05/2026 10:41:34
IN_BCB,464,OK,03/05/2026 10:41:34
IN_BCB,463,OK,03/05/2026 10:41:34
IN_BCB,462,OK,03/05/2026 10:41:34
IN_BCB,461,OK,03/05/2026 10:41:34
IN_BCB,460,OK,03/05/2026 10:41:34
IN_BCB,459,OK,03/05/2026 10:41:34
IN_BCB,458,OK,03/05/2026 10:41:34
IN_BCB,457,OK,03/05/2026 10:41:34
IN_BCB,456,OK,03/05/2026 10:41:34
IN_BCB,455,OK,03/05/2026 10:41:34
IN_BCB,454,OK,03/05/2026 10:41:34
IN_BCB,453,OK,03/05/2026 10:41:34
IN_BCB,452,OK,03/05/2026 10:41:34
IN_BCB,451,OK,03/05/2026 10:41:34
IN_BCB,450,OK,03/05/2026 10:41:34
IN_BCB,449,OK,03/05/2026 10:41:34
IN_BCB,448,OK,03/05/2026 10:41:34
IN_BCB,447,OK,03/05/2026 10:41:34
IN_BCB,446,OK,03/05/2026 10:41:34
IN_BCB,445,OK,03/05/2026 10:41:34
IN_BCB,444,OK,03/05/2026 10:41:34
IN_BCB,443,OK,03/05/2026 10:41:34
IN_BCB,442,OK,03/05/2026 10:41:34
IN_BCB,441,OK,03/05/2026 10:41:34
IN_BCB,440,OK,03/05/2026 10:41:34
IN_BCB,439,OK,03/05/2026 10:41:34
IN_BCB,438,OK,03/05/2026 10:41:34
IN_BCB,437,OK,03/05/2026 10:41:34
IN_BCB,436,OK,03/05/2026 10:41:34
IN_BCB,435,OK,03/05/2026 10:41:34
IN_BCB,434,OK,03/05/2026 10:41:34
IN_BCB,433,OK,03/05/2026 10:41:35
IN_BCB,432,OK,03/05/2026 10:41:35
IN_BCB,431,OK,03/05/2026 10:41:35
IN_BCB,430,OK,03/05/2026 10:41:35
IN_BCB,429,OK,03/05/2026 10:41:35
IN_BCB,428,OK,03/05/2026 10:41:35
IN_BCB,427,OK,03/05/2026 10:41:35
IN_BCB,426,OK,03/05/2026 10:41:35
IN_BCB,425,OK,03/05/2026 10:41:35
IN_BCB,424,OK,03/05/2026 10:41:35
IN_BCB,423,OK,03/05/2026 10:41:35
IN_BCB,422,OK,03/05/2026 10:41:35
IN_BCB,421,OK,03/05/2026 10:41:35
IN_BCB,420,OK,03/05/2026 10:41:35
IN_BCB,419,OK,03/05/2026 10:41:35
IN_BCB,418,OK,03/05/2026 10:41:35
IN_BCB,417,OK,03/05/2026 10:41:35
IN_BCB,416,OK,03/05/2026 10:41:35
IN_BCB,415,OK,03/05/2026 10:41:35
IN_BCB,414,OK,03/05/2026 10:41:35
IN_BCB,413,OK,03/05/2026 10:41:35
IN_BCB,412,OK,03/05/2026 10:41:35
IN_BCB,411,OK,03/05/2026 10:41:35
IN_BCB,410,OK,03/05/2026 10:41:35
IN_BCB,409,OK,03/05/2026 10:41:35
IN_BCB,408,OK,03/05/2026 10:41:35
IN_BCB,407,OK,03/05/2026 10:41:35
IN_BCB,406,OK,03/05/2026 10:41:35
IN_BCB,405,OK,03/05/2026 10:41:35
IN_BCB,404,OK,03/05/2026 10:41:35
IN_BCB,403,OK,03/05/2026 10:41:35
IN_BCB,402,OK,03/05/2026 10:41:35
IN_BCB,401,OK,03/05/2026 10:41:35
IN_BCB,400,OK,03/05/2026 10:41:35
IN_BCB,399,OK,03/05/2026 10:41:35
IN_BCB,398,OK,03/05/2026 10:41:35
IN_BCB,397,OK,03/05/2026 10:41:35
IN_BCB,396,OK,03/05/2026 10:41:35
IN_BCB,395,OK,03/05/2026 10:41:35
IN_BCB,394,OK,03/05/2026 10:41:35
IN_BCB,393,OK,03/05/2026 10:41:35
IN_BCB,392,OK,03/05/2026 10:41:35
IN_BCB,391,OK,03/05/2026 10:41:35
IN_BCB,390,OK,03/05/2026 10:41:35
IN_BCB,389,OK,03/05/2026 10:41:35
IN_BCB,388,OK,03/05/2026 10:41:36
IN_BCB,387,OK,03/05/2026 10:41:36
IN_BCB,386,OK,03/05/2026 10:41:36
IN_BCB,385,OK,03/05/2026 10:41:36
IN_BCB,384,OK,03/05/2026 10:41:36
IN_BCB,383,OK,03/05/2026 10:41:36
IN_BCB,382,OK,03/05/2026 10:41:36
IN_BCB,381,OK,03/05/2026 10:41:36
IN_BCB,380,OK,03/05/2026 10:41:36
IN_BCB,379,OK,03/05/2026 10:41:36
IN_BCB,378,OK,03/05/2026 10:41:36
IN_BCB,377,OK,03/05/2026 10:41:36
IN_BCB,376,OK,03/05/2026 10:41:36
IN_BCB,375,OK,03/05/2026 10:41:36
IN_BCB,374,OK,03/05/2026 10:41:36
IN_BCB,373,OK,03/05/2026 10:41:36
IN_BCB,372,OK,03/05/2026 10:41:36
IN_BCB,371,OK,03/05/2026 10:41:36
IN_BCB,370,OK,03/05/2026 10:41:36
IN_BCB,369,OK,03/05/2026 10:41:36
IN_BCB,368,OK,03/05/2026 10:41:36
IN_BCB,367,OK,03/05/2026 10:41:36
IN_BCB,366,OK,03/05/2026 10:41:36
IN_BCB,365,OK,03/05/2026 10:41:36
IN_BCB,364,OK,03/05/2026 10:41:36
IN_BCB,363,OK,03/05/2026 10:41:36
IN_BCB,362,OK,03/05/2026 10:41:36
IN_BCB,361,OK,03/05/2026 10:41:36
IN_BCB,360,OK,03/05/2026 10:41:36
IN_BCB,359,OK,03/05/2026 10:41:36
IN_BCB,358,OK,03/05/2026 10:41:36
IN_BCB,357,OK,03/05/2026 10:41:36
IN_BCB,356,OK,03/05/2026 10:41:36
IN_BCB,355,OK,03/05/2026 10:41:36
IN_BCB,354,OK,03/05/2026 10:41:36
IN_BCB,353,OK,03/05/2026 10:41:36
IN_BCB,352,OK,03/05/2026 10:41:36
IN_BCB,351,OK,03/05/2026 10:41:36
IN_BCB,350,OK,03/05/2026 10:41:36
IN_BCB,349,OK,03/05/2026 10:41:36
IN_BCB,348,OK,03/05/2026 10:41:36
IN_BCB,347,OK,03/05/2026 10:41:36
IN_BCB,346,OK,03/05/2026 10:41:36
IN_BCB,345,OK,03/05/2026 10:41:36
IN_BCB,344,OK,03/05/2026 10:41:36
IN_BCB,343,OK,03/05/2026 10:41:36
IN_BCB,342,OK,03/05/2026 10:41:36
IN_BCB,341,OK,03/05/2026 10:41:37
IN_BCB,340,OK,03/05/2026 10:41:37
IN_BCB,339,OK,03/05/2026 10:41:37
IN_BCB,338,OK,03/05/2026 10:41:37
IN_BCB,337,OK,03/05/2026 10:41:37
IN_BCB,336,OK,03/05/2026 10:41:37
IN_BCB,335,OK,03/05/2026 10:41:37
IN_BCB,334,OK,03/05/2026 10:41:37
IN_BCB,333,OK,03/05/2026 10:41:37
IN_BCB,332,OK,03/05/2026 10:41:37
IN_BCB,331,OK,03/05/2026 10:41:37
IN_BCB,330,OK,03/05/2026 10:41:37
IN_BCB,329,OK,03/05/2026 10:41:37
IN_BCB,328,OK,03/05/2026 10:41:37
IN_BCB,327,OK,03/05/2026 10:41:37
IN_BCB,326,OK,03/05/2026 10:41:37
IN_BCB,325,OK,03/05/2026 10:41:37
IN_BCB,324,OK,03/05/2026 10:41:37
IN_BCB,323,OK,03/05/2026 10:41:37
IN_BCB,322,OK,03/05/2026 10:41:37
IN_BCB,321,OK,03/05/2026 10:41:37
IN_BCB,320,OK,03/05/2026 10:41:37
IN_BCB,319,OK,03/05/2026 10:41:37
IN_BCB,318,OK,03/05/2026 10:41:37
IN_BCB,317,OK,03/05/2026 10:41:37
IN_BCB,316,OK,03/05/2026 10:41:37
IN_BCB,315,OK,03/05/2026 10:41:37
IN_BCB,314,OK,03/05/2026 10:41:37
IN_BCB,313,OK,03/05/2026 10:41:37
IN_BCB,312,OK,03/05/2026 10:41:37
IN_BCB,311,OK,03/05/2026 10:41:37
IN_BCB,310,OK,03/05/2026 10:41:37
IN_BCB,309,OK,03/05/2026 10:41:37
IN_BCB,308,OK,03/05/2026 10:41:37
IN_BCB,307,OK,03/05/2026 10:41:37
IN_BCB,306,OK,03/05/2026 10:41:37
IN_BCB,305,OK,03/05/2026 10:41:37
IN_BCB,304,OK,03/05/2026 10:41:37
IN_BCB,303,OK,03/05/2026 10:41:37
IN_BCB,302,OK,03/05/2026 10:41:37
IN_BCB,301,OK,03/05/2026 10:41:37
IN_BCB,300,OK,03/05/2026 10:41:37
IN_BCB,299,OK,03/05/2026 10:41:37
IN_BCB,298,OK,03/05/2026 10:41:37
IN_BCB,297,OK,03/05/2026 10:41:37
IN_BCB,296,OK,03/05/2026 10:41:38
IN_BCB,295,OK,03/05/2026 10:41:38
IN_BCB,294,OK,03/05/2026 10:41:38
IN_BCB,293,OK,03/05/2026 10:41:38
IN_BCB,292,OK,03/05/2026 10:41:38
IN_BCB,291,OK,03/05/2026 10:41:38
IN_BCB,290,OK,03/05/2026 10:41:38
IN_BCB,289,OK,03/05/2026 10:41:38
IN_BCB,288,OK,03/05/2026 10:41:38
IN_BCB,287,OK,03/05/2026 10:41:38
IN_BCB,286,OK,03/05/2026 10:41:38
IN_BCB,285,OK,03/05/2026 10:41:38
IN_BCB,284,OK,03/05/2026 10:41:38
IN_BCB,283,OK,03/05/2026 10:41:38
IN_BCB,282,OK,03/05/2026 10:41:38
IN_BCB,281,OK,03/05/2026 10:41:38
IN_BCB,280,OK,03/05/2026 10:41:38
IN_BCB,279,OK,03/05/2026 10:41:38
IN_BCB,278,OK,03/05/2026 10:41:38
IN_BCB,277,OK,03/05/2026 10:41:38
IN_BCB,276,OK,03/05/2026 10:41:38
IN_BCB,275,OK,03/05/2026 10:41:38
IN_BCB,274,OK,03/05/2026 10:41:38
IN_BCB,273,OK,03/05/2026 10:41:38
IN_BCB,272,OK,03/05/2026 10:41:38
IN_BCB,271,OK,03/05/2026 10:41:38
IN_BCB,270,OK,03/05/2026 10:41:38
IN_BCB,269,OK,03/05/2026 10:41:38
IN_BCB,268,OK,03/05/2026 10:41:38
IN_BCB,267,OK,03/05/2026 10:41:38
IN_BCB,266,OK,03/05/2026 10:41:38
IN_BCB,265,OK,03/05/2026 10:41:38
IN_BCB,264,OK,03/05/2026 10:41:38
IN_BCB,263,OK,03/05/2026 10:41:38
IN_BCB,262,OK,03/05/2026 10:41:38
IN_BCB,261,OK,03/05/2026 10:41:38
IN_BCB,260,OK,03/05/2026 10:41:38
IN_BCB,259,OK,03/05/2026 10:41:38
IN_BCB,258,OK,03/05/2026 10:41:38
IN_BCB,257,OK,03/05/2026 10:41:38
IN_BCB,256,OK,03/05/2026 10:41:38
IN_BCB,255,OK,03/05/2026 10:41:38
IN_BCB,254,OK,03/05/2026 10:41:38
IN_BCB,253,OK,03/05/2026 10:41:38
IN_BCB,252,OK,03/05/2026 10:41:38
IN_BCB,251,OK,03/05/2026 10:41:38
IN_BCB,250,OK,03/05/2026 10:41:38
IN_BCB,249,OK,03/05/2026 10:41:39
IN_BCB,248,OK,03/05/2026 10:41:39
IN_BCB,247,OK,03/05/2026 10:41:39
IN_BCB,246,OK,03/05/2026 10:41:39
IN_BCB,245,OK,03/05/2026 10:41:39
IN_BCB,244,OK,03/05/2026 10:41:39
IN_BCB,243,OK,03/05/2026 10:41:39
IN_BCB,242,OK,03/05/2026 10:41:39
IN_BCB,241,OK,03/05/2026 10:41:39
IN_BCB,240,OK,03/05/2026 10:41:39
IN_BCB,239,OK,03/05/2026 10:41:39
IN_BCB,238,OK,03/05/2026 10:41:39
IN_BCB,237,OK,03/05/2026 10:41:39
IN_BCB,236,OK,03/05/2026 10:41:39
IN_BCB,235,OK,03/05/2026 10:41:39
IN_BCB,234,OK,03/05/2026 10:41:39
IN_BCB,233,OK,03/05/2026 10:41:39
IN_BCB,232,OK,03/05/2026 10:41:39
IN_BCB,231,OK,03/05/2026 10:41:39
IN_BCB,230,OK,03/05/2026 10:41:39
IN_BCB,229,OK,03/05/2026 10:41:39
IN_BCB,228,OK,03/05/2026 10:41:39
IN_BCB,227,OK,03/05/2026 10:41:39
IN_BCB,226,OK,03/05/2026 10:41:39
IN_BCB,225,OK,03/05/2026 10:41:39
IN_BCB,224,OK,03/05/2026 10:41:39
IN_BCB,223,OK,03/05/2026 10:41:39
IN_BCB,222,OK,03/05/2026 10:41:39
IN_BCB,221,OK,03/05/2026 10:41:39
IN_BCB,220,OK,03/05/2026 10:41:39
IN_BCB,219,OK,03/05/2026 10:41:39
IN_BCB,218,OK,03/05/2026 10:41:39
IN_BCB,217,OK,03/05/2026 10:41:39
IN_BCB,216,OK,03/05/2026 10:41:39
IN_BCB,215,OK,03/05/2026 10:41:39
IN_BCB,214,OK,03/05/2026 10:41:39
IN_BCB,213,OK,03/05/2026 10:41:39
IN_BCB,212,OK,03/05/2026 10:41:39
IN_BCB,211,OK,03/05/2026 10:41:39
IN_BCB,210,OK,03/05/2026 10:41:39
IN_BCB,209,OK,03/05/2026 10:41:39
IN_BCB,208,OK,03/05/2026 10:41:39
IN_BCB,207,OK,03/05/2026 10:41:39
IN_BCB,206,OK,03/05/2026 10:41:39
IN_BCB,205,OK,03/05/2026 10:41:39
IN_BCB,204,OK,03/05/2026 10:41:39
IN_BCB,203,OK,03/05/2026 10:41:40
IN_BCB,202,OK,03/05/2026 10:41:40
IN_BCB,201,OK,03/05/2026 10:41:40
IN_BCB,200,OK,03/05/2026 10:41:40
IN_BCB,199,OK,03/05/2026 10:41:40
IN_BCB,198,OK,03/05/2026 10:41:40
IN_BCB,197,OK,03/05/2026 10:41:40
IN_BCB,196,OK,03/05/2026 10:41:40
IN_BCB,195,OK,03/05/2026 10:41:40
IN_BCB,194,OK,03/05/2026 10:41:40
IN_BCB,193,OK,03/05/2026 10:41:40
IN_BCB,192,OK,03/05/2026 10:41:40
IN_BCB,191,OK,03/05/2026 10:41:40
IN_BCB,190,OK,03/05/2026 10:41:40
IN_BCB,189,OK,03/05/2026 10:41:40
IN_BCB,188,OK,03/05/2026 10:41:40
IN_BCB,187,OK,03/05/2026 10:41:40
IN_BCB,186,OK,03/05/2026 10:41:40
IN_BCB,185,OK,03/05/2026 10:41:40
IN_BCB,184,OK,03/05/2026 10:41:40
IN_BCB,183,OK,03/05/2026 10:41:40
IN_BCB,182,OK,03/05/2026 10:41:40
IN_BCB,181,OK,03/05/2026 10:41:40
IN_BCB,180,OK,03/05/2026 10:41:40
IN_BCB,179,OK,03/05/2026 10:41:40
IN_BCB,178,OK,03/05/2026 10:41:40
IN_BCB,177,OK,03/05/2026 10:41:40
IN_BCB,176,OK,03/05/2026 10:41:40
IN_BCB,175,OK,03/05/2026 10:41:40
IN_BCB,174,OK,03/05/2026 10:41:40
IN_BCB,173,OK,03/05/2026 10:41:40
IN_BCB,172,OK,03/05/2026 10:41:40
IN_BCB,171,OK,03/05/2026 10:41:40
IN_BCB,170,OK,03/05/2026 10:41:40
IN_BCB,169,OK,03/05/2026 10:41:40
IN_BCB,168,OK,03/05/2026 10:41:40
IN_BCB,167,OK,03/05/2026 10:41:40
IN_BCB,166,OK,03/05/2026 10:41:40
IN_BCB,165,OK,03/05/2026 10:41:40
IN_BCB,164,OK,03/05/2026 10:41:40
IN_BCB,163,OK,03/05/2026 10:41:40
IN_BCB,162,OK,03/05/2026 10:41:40
IN_BCB,161,OK,03/05/2026 10:41:40
IN_BCB,160,OK,03/05/2026 10:41:41
IN_BCB,159,OK,03/05/2026 10:41:41
IN_BCB,158,OK,03/05/2026 10:41:41
IN_BCB,157,OK,03/05/2026 10:41:41
IN_BCB,156,OK,03/05/2026 10:41:41
IN_BCB,155,OK,03/05/2026 10:41:41
IN_BCB,154,OK,03/05/2026 10:41:41
IN_BCB,153,OK,03/05/2026 10:41:41
IN_BCB,152,OK,03/05/2026 10:41:41
IN_BCB,151,OK,03/05/2026 10:41:41
IN_BCB,150,OK,03/05/2026 10:41:41
IN_BCB,149,OK,03/05/2026 10:41:41
IN_BCB,148,OK,03/05/2026 10:41:41
IN_BCB,147,OK,03/05/2026 10:41:41
IN_BCB,146,OK,03/05/2026 10:41:41
IN_BCB,145,OK,03/05/2026 10:41:41
IN_BCB,144,OK,03/05/2026 10:41:41
IN_BCB,143,OK,03/05/2026 10:41:41
IN_BCB,142,OK,03/05/2026 10:41:41
IN_BCB,141,OK,03/05/2026 10:41:41
IN_BCB,140,OK,03/05/2026 10:41:41
IN_BCB,139,OK,03/05/2026 10:41:41
IN_BCB,138,OK,03/05/2026 10:41:41
IN_BCB,137,OK,03/05/2026 10:41:41
IN_BCB,136,OK,03/05/2026 10:41:41
IN_BCB,135,OK,03/05/2026 10:41:41
IN_BCB,134,OK,03/05/2026 10:41:41
IN_BCB,133,OK,03/05/2026 10:41:41
IN_BCB,132,OK,03/05/2026 10:41:41
IN_BCB,131,OK,03/05/2026 10:41:41
IN_BCB,130,OK,03/05/2026 10:41:41
IN_BCB,129,OK,03/05/2026 10:41:41
IN_BCB,128,OK,03/05/2026 10:41:41
IN_BCB,127,OK,03/05/2026 10:41:41
IN_BCB,126,OK,03/05/2026 10:41:41
IN_BCB,125,OK,03/05/2026 10:41:41
IN_BCB,124,OK,03/05/2026 10:41:41
IN_BCB,123,OK,03/05/2026 10:41:41
IN_BCB,122,OK,03/05/2026 10:41:41
IN_BCB,121,OK,03/05/2026 10:41:41
IN_BCB,120,OK,03/05/2026 10:41:41
IN_BCB,119,OK,03/05/2026 10:41:41
IN_BCB,118,OK,03/05/2026 10:41:41
IN_BCB,117,OK,03/05/2026 10:41:42
IN_BCB,116,OK,03/05/2026 10:41:42
IN_BCB,115,OK,03/05/2026 10:41:42
IN_BCB,114,OK,03/05/2026 10:41:42
IN_BCB,113,OK,03/05/2026 10:41:42
IN_BCB,112,OK,03/05/2026 10:41:42
IN_BCB,111,OK,03/05/2026 10:41:42
IN_BCB,110,OK,03/05/2026 10:41:42
IN_BCB,109,OK,03/05/2026 10:41:42
IN_BCB,108,OK,03/05/2026 10:41:42
IN_BCB,107,OK,03/05/2026 10:41:42
IN_BCB,106,OK,03/05/2026 10:41:42
IN_BCB,105,OK,03/05/2026 10:41:42
IN_BCB,104,OK,03/05/2026 10:41:42
IN_BCB,103,OK,03/05/2026 10:41:42
IN_BCB,102,OK,03/05/2026 10:41:42
IN_BCB,101,OK,03/05/2026 10:41:42
IN_BCB,100,OK,03/05/2026 10:41:42
IN_BCB,99,OK,03/05/2026 10:41:42
IN_BCB,98,OK,03/05/2026 10:41:42
IN_BCB,97,OK,03/05/2026 10:41:42
IN_BCB,96,OK,03/05/2026 10:41:42
IN_BCB,95,OK,03/05/2026 10:41:42
IN_BCB,94,OK,03/05/2026 10:41:42
IN_BCB,93,OK,03/05/2026 10:41:42
IN_BCB,92,OK,03/05/2026 10:41:42
IN_BCB,91,OK,03/05/2026 10:41:42
IN_BCB,90,OK,03/05/2026 10:41:42
IN_BCB,89,OK,03/05/2026 10:41:42
IN_BCB,88,OK,03/05/2026 10:41:42
IN_BCB,87,OK,03/05/2026 10:41:42
IN_BCB,86,OK,03/05/2026 10:41:42
IN_BCB,85,OK,03/05/2026 10:41:42
IN_BCB,84,OK,03/05/2026 10:41:42
IN_BCB,83,OK,03/05/2026 10:41:42
IN_BCB,82,OK,03/05/2026 10:41:42
IN_BCB,81,OK,03/05/2026 10:41:42
IN_BCB,80,OK,03/05/2026 10:41:42
IN_BCB,79,OK,03/05/2026 10:41:42
IN_BCB,78,OK,03/05/2026 10:41:42
IN_BCB,77,OK,03/05/2026 10:41:42
IN_BCB,76,OK,03/05/2026 10:41:42
IN_BCB,75,OK,03/05/2026 10:41:42
IN_BCB,74,OK,03/05/2026 10:41:42
IN_BCB,73,OK,03/05/2026 10:41:43
IN_BCB,72,OK,03/05/2026 10:41:43
IN_BCB,71,OK,03/05/2026 10:41:43
IN_BCB,70,OK,03/05/2026 10:41:43
IN_BCB,69,OK,03/05/2026 10:41:43
IN_BCB,68,OK,03/05/2026 10:41:43
IN_BCB,67,OK,03/05/2026 10:41:43
IN_BCB,66,OK,03/05/2026 10:41:43
IN_BCB,65,OK,03/05/2026 10:41:43
IN_BCB,64,OK,03/05/2026 10:41:43
IN_BCB,63,OK,03/05/2026 10:41:43
IN_BCB,62,OK,03/05/2026 10:41:43
IN_BCB,61,OK,03/05/2026 10:41:43
IN_BCB,60,OK,03/05/2026 10:41:43
IN_BCB,59,OK,03/05/2026 10:41:43
IN_BCB,58,OK,03/05/2026 10:41:43
IN_BCB,57,OK,03/05/2026 10:41:43
IN_BCB,56,OK,03/05/2026 10:41:43
IN_BCB,55,OK,03/05/2026 10:41:43
IN_BCB,54,OK,03/05/2026 10:41:43
IN_BCB,53,OK,03/05/2026 10:41:43
IN_BCB,52,OK,03/05/2026 10:41:43
IN_BCB,51,OK,03/05/2026 10:41:43
IN_BCB,50,OK,03/05/2026 10:41:43
IN_BCB,49,OK,03/05/2026 10:41:43
IN_BCB,48,OK,03/05/2026 10:41:43
IN_BCB,47,OK,03/05/2026 10:41:43
IN_BCB,46,OK,03/05/2026 10:41:43
IN_BCB,45,OK,03/05/2026 10:41:43
IN_BCB,44,OK,03/05/2026 10:41:43
IN_BCB,43,OK,03/05/2026 10:41:43
IN_BCB,42,OK,03/05/2026 10:41:43
IN_BCB,41,OK,03/05/2026 10:41:43
IN_BCB,40,OK,03/05/2026 10:41:43
IN_BCB,39,OK,03/05/2026 10:41:43
IN_BCB,38,OK,03/05/2026 10:41:43
IN_BCB,37,OK,03/05/2026 10:41:43
IN_BCB,36,OK,03/05/2026 10:41:43
IN_BCB,35,OK,03/05/2026 10:41:43
IN_BCB,34,OK,03/05/2026 10:41:43
IN_BCB,33,OK,03/05/2026 10:41:43
IN_BCB,32,OK,03/05/2026 10:41:43
IN_BCB,31,OK,03/05/2026 10:41:43
IN_BCB,30,OK,03/05/2026 10:41:43
IN_BCB,29,OK,03/05/2026 10:41:43
IN_BCB,28,OK,03/05/2026 10:41:44
IN_BCB,27,OK,03/05/2026 10:41:44
IN_BCB,26,OK,03/05/2026 10:41:44
IN_BCB,25,OK,03/05/2026 10:41:44
IN_BCB,24,OK,03/05/2026 10:41:44
IN_BCB,23,OK,03/05/2026 10:41:44
IN_BCB,22,OK,03/05/2026 10:41:44
IN_BCB,21,OK,03/05/2026 10:41:44
IN_BCB,20,OK,03/05/2026 10:41:44
IN_BCB,19,OK,03/05/2026 10:41:44
IN_BCB,18,OK,03/05/2026 10:41:44
IN_BCB,17,OK,03/05/2026 10:41:44
IN_BCB,16,OK,03/05/2026 10:41:44
IN_BCB,15,OK,03/05/2026 10:41:44
IN_BCB,14,OK,03/05/2026 10:41:44
IN_BCB,13,OK,03/05/2026 10:41:44
IN_BCB,12,OK,03/05/2026 10:41:44
IN_BCB,11,OK,03/05/2026 10:41:44
IN_BCB,10,OK,03/05/2026 10:41:44
IN_BCB,9,OK,03/05/2026 10:41:44
IN_BCB,8,OK,03/05/2026 10:41:44
IN_BCB,7,OK,03/05/2026 10:41:44
IN_BCB,6,OK,03/05/2026 10:41:44
IN_BCB,5,OK,03/05/2026 10:41:44
IN_BCB,4,OK,03/05/2026 10:41:44
IN_BCB,3,OK,03/05/2026 10:41:44
IN_BCB,2,OK,03/05/2026 10:41:44
IN_BCB,1,OK,03/05/2026 10:41:44
CMN,5298,OK,03/05/2026 09:32:40
CMN,5297,OK,03/05/2026 09:32:40
CMN,5296,OK,03/05/2026 09:32:40
CMN,5295,OK,03/05/2026 09:32:40
CMN,5294,OK,03/05/2026 09:32:40
CMN,5293,OK,03/05/2026 09:32:40
CMN,5292,OK,03/05/2026 09:32:40
CMN,5291,OK,03/05/2026 09:32:40
CMN,5290,OK,03/05/2026 09:32:40
CMN,5289,OK,03/05/2026 09:32:40
CMN,5288,OK,03/05/2026 09:32:40
CMN,5287,OK,03/05/2026 09:32:40
CMN,5286,OK,03/05/2026 09:32:40
CMN,5285,OK,03/05/2026 09:32:40
CMN,5284,OK,03/05/2026 09:32:40
CMN,5283,OK,03/05/2026 09:32:40
CMN,5282,OK,03/05/2026 09:32:40
CMN,5281,OK,03/05/2026 09:32:40
CMN,5280,OK,03/05/2026 09:32:40
CMN,5279,OK,03/05/2026 09:32:40
CMN,5278,OK,03/05/2026 09:32:40
CMN,5277,OK,03/05/2026 09:32:40
CMN,5276,OK,03/05/2026 09:32:40
CMN,5275,OK,03/05/2026 09:32:40
CMN,5274,OK,03/05/2026 09:32:40
CMN,5273,OK,03/05/2026 09:32:40
CMN,5272,OK,03/05/2026 09:32:40
CMN,5271,OK,03/05/2026 09:32:40
CMN,5270,OK,03/05/2026 09:32:40
CMN,5269,OK,03/05/2026 09:32:40
CMN,5268,OK,03/05/2026 09:32:40
CMN,5267,OK,03/05/2026 09:32:40
CMN,5266,OK,03/05/2026 09:32:40
CMN,5265,OK,03/05/2026 09:32:40
CMN,5264,OK,03/05/2026 09:32:40
CMN,5263,OK,03/05/2026 09:32:40
CMN,5262,OK,03/05/2026 09:32:40
CMN,5261,OK,03/05/2026 09:32:40
CMN,5260,OK,03/05/2026 09:32:41
CMN,5259,OK,03/05/2026 09:32:41
CMN,5258,OK,03/05/2026 09:32:41
CMN,5257,OK,03/05/2026 09:32:41
CMN,5256,OK,03/05/2026 09:32:41
CMN,5255,OK,03/05/2026 09:32:41
CMN,5254,OK,03/05/2026 09:32:41
CMN,5253,OK,03/05/2026 09:32:41
CMN,5252,OK,03/05/2026 09:32:41
CMN,5251,OK,03/05/2026 09:32:41
CMN,5250,OK,03/05/2026 09:32:41
CMN,5249,OK,03/05/2026 09:32:41
CMN,5248,OK,03/05/2026 09:32:41
CMN,5247,OK,03/05/2026 09:32:41
CMN,5246,OK,03/05/2026 09:32:41
CMN,5245,OK,03/05/2026 09:32:41
CMN,5244,OK,03/05/2026 09:32:41
CMN,5243,OK,03/05/2026 09:32:41
CMN,5242,OK,03/05/2026 09:32:41
CMN,5241,OK,03/05/2026 09:32:41
CMN,5240,OK,03/05/2026 09:32:41
CMN,5239,OK,03/05/2026 09:32:41
CMN,5238,OK,03/05/2026 09:32:41
CMN,5237,OK,03/05/2026 09:32:41
CMN,5236,OK,03/05/2026 09:32:41
CMN,5235,OK,03/05/2026 09:32:41
CMN,5234,OK,03/05/2026 09:32:41
CMN,5233,OK,03/05/2026 09:32:41
CMN,5232,OK,03/05/2026 09:32:41
CMN,5231,OK,03/05/2026 09:32:41
CMN,5230,OK,03/05/2026 09:32:41
CMN,5229,OK,03/05/2026 09:32:41
CMN,5228,OK,03/05/2026 09:32:41
CMN,5227,OK,03/05/2026 09:32:41
CMN,5226,OK,03/05/2026 09:32:41
CMN,5225,OK,03/05/2026 09:32:41
CMN,5224,OK,03/05/2026 09:32:41
CMN,5223,OK,03/05/2026 09:32:41
CMN,5222,OK,03/05/2026 09:32:41
CMN,5221,OK,03/05/2026 09:32:41
CMN,5220,OK,03/05/2026 09:32:41
CMN,5219,OK,03/05/2026 09:32:41
CMN,5218,OK,03/05/2026 09:32:41
CMN,5217,OK,03/05/2026 09:32:41
CMN,5216,OK,03/05/2026 09:32:41
CMN,5215,OK,03/05/2026 09:32:41
CMN,5214,OK,03/05/2026 09:32:41
CMN,5213,OK,03/05/2026 09:32:41
CMN,5212,OK,03/05/2026 09:32:41
CMN,5211,OK,03/05/2026 09:32:41
CMN,5210,OK,03/05/2026 09:32:41
CMN,5209,OK,03/05/2026 09:32:41
CMN,5208,OK,03/05/2026 09:32:41
CMN,5207,OK,03/05/2026 09:32:41
CMN,5206,OK,03/05/2026 09:32:42
CMN,5205,OK,03/05/2026 09:32:42
CMN,5204,OK,03/05/2026 09:32:42
CMN,5203,OK,03/05/2026 09:32:42
CMN,5202,OK,03/05/2026 09:32:42
CMN,5201,OK,03/05/2026 09:32:42
CMN,5200,OK,03/05/2026 09:32:42
CMN,5199,OK,03/05/2026 09:32:42
CMN,5198,OK,03/05/2026 09:32:42
CMN,5197,OK,03/05/2026 09:32:42
CMN,5196,OK,03/05/2026 09:32:42
CMN,5195,OK,03/05/2026 09:32:42
CMN,5194,OK,03/05/2026 09:32:42
CMN,5193,OK,03/05/2026 09:32:42
CMN,5192,OK,03/05/2026 09:32:42
CMN,5191,OK,03/05/2026 09:32:42
CMN,5190,OK,03/05/2026 09:32:42
CMN,5189,OK,03/05/2026 09:32:42
CMN,5188,OK,03/05/2026 09:32:42
CMN,5187,OK,03/05/2026 09:32:42
CMN,5186,OK,03/05/2026 09:32:42
CMN,5185,OK,03/05/2026 09:32:42
CMN,5184,OK,03/05/2026 09:32:42
CMN,5183,OK,03/05/2026 09:32:42
CMN,5182,OK,03/05/2026 09:32:42
CMN,5181,OK,03/05/2026 09:32:42
CMN,5180,OK,03/05/2026 09:32:42
CMN,5179,OK,03/05/2026 09:32:42
CMN,5178,OK,03/05/2026 09:32:42
CMN,5177,OK,03/05/2026 09:32:42
CMN,5176,OK,03/05/2026 09:32:42
CMN,5175,OK,03/05/2026 09:32:42
CMN,5174,OK,03/05/2026 09:32:42
CMN,5173,OK,03/05/2026 09:32:42
CMN,5172,OK,03/05/2026 09:32:42
CMN,5171,OK,03/05/2026 09:32:42
CMN,5170,OK,03/05/2026 09:32:42
CMN,5169,OK,03/05/2026 09:32:42
CMN,5168,OK,03/05/2026 09:32:42
CMN,5167,OK,03/05/2026 09:32:42
CMN,5166,OK,03/05/2026 09:32:42
CMN,5165,OK,03/05/2026 09:32:42
CMN,5164,OK,03/05/2026 09:32:42
CMN,5163,OK,03/05/2026 09:32:42
CMN,5162,OK,03/05/2026 09:32:42
CMN,5161,OK,03/05/2026 09:32:42
CMN,5160,OK,03/05/2026 09:32:42
CMN,5159,OK,03/05/2026 09:32:42
CMN,5158,OK,03/05/2026 09:32:42
CMN,5157,OK,03/05/2026 09:32:42
CMN,5156,OK,03/05/2026 09:32:42
CMN,5155,OK,03/05/2026 09:32:42
CMN,5154,OK,03/05/2026 09:32:43
CMN,5153,OK,03/05/2026 09:32:43
CMN,5152,OK,03/05/2026 09:32:43
CMN,5151,OK,03/05/2026 09:32:43
CMN,5150,OK,03/05/2026 09:32:43
CMN,5149,OK,03/05/2026 09:32:43
CMN,5148,OK,03/05/2026 09:32:43
CMN,5147,OK,03/05/2026 09:32:43
CMN,5146,OK,03/05/2026 09:32:43
CMN,5145,OK,03/05/2026 09:32:43
CMN,5144,OK,03/05/2026 09:32:43
CMN,5143,OK,03/05/2026 09:32:43
CMN,5142,OK,03/05/2026 09:32:43
CMN,5141,OK,03/05/2026 09:32:43
CMN,5140,OK,03/05/2026 09:32:43
CMN,5139,OK,03/05/2026 09:32:43
CMN,5138,OK,03/05/2026 09:32:43
CMN,5137,OK,03/05/2026 09:32:43
CMN,5136,OK,03/05/2026 09:32:43
CMN,5135,OK,03/05/2026 09:32:43
CMN,5134,OK,03/05/2026 09:32:43
CMN,5133,OK,03/05/2026 09:32:43
CMN,5132,OK,03/05/2026 09:32:43
CMN,5131,OK,03/05/2026 09:32:43
CMN,5130,OK,03/05/2026 09:32:43
CMN,5129,OK,03/05/2026 09:32:43
CMN,5128,OK,03/05/2026 09:32:43
CMN,5127,OK,03/05/2026 09:32:43
CMN,5126,OK,03/05/2026 09:32:43
CMN,5125,OK,03/05/2026 09:32:43
CMN,5124,OK,03/05/2026 09:32:43
CMN,5123,OK,03/05/2026 09:32:43
CMN,5122,OK,03/05/2026 09:32:43
CMN,5121,OK,03/05/2026 09:32:43
CMN,5120,OK,03/05/2026 09:32:43
CMN,5119,OK,03/05/2026 09:32:43
CMN,5118,OK,03/05/2026 09:32:43
CMN,5117,OK,03/05/2026 09:32:43
CMN,5116,OK,03/05/2026 09:32:43
CMN,5115,OK,03/05/2026 09:32:43
CMN,5114,OK,03/05/2026 09:32:43
CMN,5113,OK,03/05/2026 09:32:43
CMN,5112,OK,03/05/2026 09:32:43
CMN,5111,OK,03/05/2026 09:32:43
CMN,5110,OK,03/05/2026 09:32:43
CMN,5109,OK,03/05/2026 09:32:43
CMN,5108,OK,03/05/2026 09:32:43
CMN,5107,OK,03/05/2026 09:32:43
CMN,5106,OK,03/05/2026 09:32:43
CMN,5105,OK,03/05/2026 09:32:43
CMN,5104,OK,03/05/2026 09:32:43
CMN,5103,OK,03/05/2026 09:32:43
CMN,5102,OK,03/05/2026 09:32:43
CMN,5101,OK,03/05/2026 09:32:44
CMN,5100,OK,03/05/2026 09:32:44
CMN,5099,OK,03/05/2026 09:32:44
CMN,5098,OK,03/05/2026 09:32:44
CMN,5097,OK,03/05/2026 09:32:44
CMN,5096,OK,03/05/2026 09:32:44
CMN,5095,OK,03/05/2026 09:32:44
CMN,5094,OK,03/05/2026 09:32:44
CMN,5093,OK,03/05/2026 09:32:44
CMN,5092,OK,03/05/2026 09:32:44
CMN,5091,OK,03/05/2026 09:32:44
CMN,5090,OK,03/05/2026 09:32:44
CMN,5089,OK,03/05/2026 09:32:44
CMN,5088,OK,03/05/2026 09:32:44
CMN,5087,OK,03/05/2026 09:32:44
CMN,5086,OK,03/05/2026 09:32:44
CMN,5085,OK,03/05/2026 09:32:44
CMN,5084,OK,03/05/2026 09:32:44
CMN,5083,OK,03/05/2026 09:32:44
CMN,5082,OK,03/05/2026 09:32:44
CMN,5081,OK,03/05/2026 09:32:44
CMN,5080,OK,03/05/2026 09:32:44
CMN,5079,OK,03/05/2026 09:32:44
CMN,5078,OK,03/05/2026 09:32:44
CMN,5077,OK,03/05/2026 09:32:44
CMN,5076,OK,03/05/2026 09:32:44
CMN,5075,OK,03/05/2026 09:32:44
CMN,5074,OK,03/05/2026 09:32:44
CMN,5073,OK,03/05/2026 09:32:44
CMN,5072,OK,03/05/2026 09:32:44
CMN,5071,OK,03/05/2026 09:32:44
CMN,5070,OK,03/05/2026 09:32:44
CMN,5069,OK,03/05/2026 09:32:44
CMN,5068,OK,03/05/2026 09:32:44
CMN,5067,OK,03/05/2026 09:32:44
CMN,5066,OK,03/05/2026 09:32:44
CMN,5065,OK,03/05/2026 09:32:44
CMN,5064,OK,03/05/2026 09:32:44
CMN,5063,OK,03/05/2026 09:32:44
CMN,5062,OK,03/05/2026 09:32:44
CMN,5061,OK,03/05/2026 09:32:44
CMN,5060,OK,03/05/2026 09:32:44
CMN,5059,OK,03/05/2026 09:32:44
CMN,5058,OK,03/05/2026 09:32:44
CMN,5057,OK,03/05/2026 09:32:44
CMN,5056,OK,03/05/2026 09:32:44
CMN,5055,OK,03/05/2026 09:32:44
CMN,5054,OK,03/05/2026 09:32:44
CMN,5053,OK,03/05/2026 09:32:44
CMN,5052,OK,03/05/2026 09:32:44
CMN,5051,OK,03/05/2026 09:32:44
CMN,5050,OK,03/05/2026 09:32:44
CMN,5049,OK,03/05/2026 09:32:44
CMN,5048,OK,03/05/2026 09:32:44
CMN,5047,OK,03/05/2026 09:32:44
CMN,5046,OK,03/05/2026 09:32:44
CMN,5045,OK,03/05/2026 09:32:44
CMN,5044,OK,03/05/2026 09:32:44
CMN,5043,OK,03/05/2026 09:32:44
CMN,5042,OK,03/05/2026 09:32:44
CMN,5041,OK,03/05/2026 09:32:45
CMN,5040,OK,03/05/2026 09:32:45
CMN,5039,OK,03/05/2026 09:32:45
CMN,5038,OK,03/05/2026 09:32:45
CMN,5037,OK,03/05/2026 09:32:45
CMN,5036,OK,03/05/2026 09:32:45
CMN,5035,OK,03/05/2026 09:32:45
CMN,5034,OK,03/05/2026 09:32:45
CMN,5033,OK,03/05/2026 09:32:45
CMN,5032,OK,03/05/2026 09:32:45
CMN,5031,OK,03/05/2026 09:32:45
CMN,5030,OK,03/05/2026 09:32:45
CMN,5029,OK,03/05/2026 09:32:45
CMN,5028,OK,03/05/2026 09:32:45
CMN,5027,OK,03/05/2026 09:32:45
CMN,5026,OK,03/05/2026 09:32:45
CMN,5025,OK,03/05/2026 09:32:45
CMN,5024,OK,03/05/2026 09:32:45
CMN,5023,OK,03/05/2026 09:32:45
CMN,5022,OK,03/05/2026 09:32:45
CMN,5021,OK,03/05/2026 09:32:45
CMN,5020,OK,03/05/2026 09:32:45
CMN,5019,OK,03/05/2026 09:32:45
CMN,5018,OK,03/05/2026 09:32:45
CMN,5017,OK,03/05/2026 09:32:45
CMN,5016,OK,03/05/2026 09:32:45
CMN,5015,OK,03/05/2026 09:32:45
CMN,5014,OK,03/05/2026 09:32:45
CMN,5013,OK,03/05/2026 09:32:45
CMN,5012,OK,03/05/2026 09:32:45
CMN,5011,OK,03/05/2026 09:32:45
CMN,5010,OK,03/05/2026 09:32:45
CMN,5009,OK,03/05/2026 09:32:45
CMN,5008,OK,03/05/2026 09:32:45
CMN,5007,OK,03/05/2026 09:32:45
CMN,5006,OK,03/05/2026 09:32:45
CMN,5005,OK,03/05/2026 09:32:45
CMN,5004,OK,03/05/2026 09:32:45
CMN,5003,OK,03/05/2026 09:32:45
CMN,5002,OK,03/05/2026 09:32:45
CMN,5001,OK,03/05/2026 09:32:45
CMN,5000,OK,03/05/2026 10:37:09
CMN,4999,OK,03/05/2026 10:37:09
CMN,4998,OK,03/05/2026 10:37:09
CMN,4997,OK,03/05/2026 10:37:09
CMN,4996,OK,03/05/2026 10:37:10
CMN,4995,OK,03/05/2026 10:37:10
CMN,4994,OK,03/05/2026 10:37:10
CMN,4993,OK,03/05/2026 10:37:10
CMN,4992,OK,03/05/2026 10:37:10
CMN,4991,OK,03/05/2026 10:37:10
CMN,4990,OK,03/05/2026 10:37:10
CMN,4989,OK,03/05/2026 10:37:10
CMN,4988,OK,03/05/2026 10:37:10
CMN,4987,OK,03/05/2026 10:37:10
CMN,4986,OK,03/05/2026 10:37:10
CMN,4985,OK,03/05/2026 10:37:10
CMN,4984,OK,03/05/2026 10:37:10
CMN,4983,OK,03/05/2026 10:37:10
CMN,4982,OK,03/05/2026 10:37:10
CMN,4981,OK,03/05/2026 10:37:10
CMN,4980,OK,03/05/2026 10:37:10
CMN,4979,OK,03/05/2026 10:37:10
CMN,4978,OK,03/05/2026 10:37:10
CMN,4977,OK,03/05/2026 10:37:10
CMN,4976,OK,03/05/2026 10:37:10
CMN,4975,OK,03/05/2026 10:37:10
CMN,4974,OK,03/05/2026 10:37:10
CMN,4973,OK,03/05/2026 10:37:10
CMN,4972,OK,03/05/2026 10:37:10
CMN,4971,OK,03/05/2026 10:37:10
CMN,4970,OK,03/05/2026 10:37:10
CMN,4969,OK,03/05/2026 10:37:10
CMN,4968,OK,03/05/2026 10:37:10
CMN,4967,OK,03/05/2026 10:37:10
CMN,4966,OK,03/05/2026 10:37:10
CMN,4965,OK,03/05/2026 10:37:10
CMN,4964,OK,03/05/2026 10:37:10
CMN,4963,OK,03/05/2026 10:37:10
CMN,4962,OK,03/05/2026 10:37:10
CMN,4961,OK,03/05/2026 10:37:10
CMN,4960,OK,03/05/2026 10:37:10
CMN,4959,OK,03/05/2026 10:37:10
CMN,4958,OK,03/05/2026 10:37:10
CMN,4957,OK,03/05/2026 10:37:10
CMN,4956,OK,03/05/2026 10:37:10
CMN,4955,OK,03/05/2026 10:37:11
CMN,4954,OK,03/05/2026 10:37:11
CMN,4953,OK,03/05/2026 10:37:11
CMN,4952,OK,03/05/2026 10:37:11
CMN,4951,OK,03/05/2026 10:37:11
CMN,4950,OK,03/05/2026 10:37:11
CMN,4949,OK,03/05/2026 10:37:11
CMN,4948,OK,03/05/2026 10:37:11
CMN,4947,OK,03/05/2026 10:37:11
CMN,4946,OK,03/05/2026 10:37:11
CMN,4945,OK,03/05/2026 10:37:11
CMN,4944,OK,03/05/2026 10:37:11
CMN,4943,OK,03/05/2026 10:37:11
CMN,4942,OK,03/05/2026 10:37:11
CMN,4941,OK,03/05/2026 10:37:11
CMN,4940,OK,03/05/2026 10:37:11
CMN,4939,OK,03/05/2026 10:37:11
CMN,4938,OK,03/05/2026 10:37:11
CMN,4937,OK,03/05/2026 10:37:11
CMN,4936,OK,03/05/2026 10:37:11
CMN,4935,OK,03/05/2026 10:37:11
CMN,4934,OK,03/05/2026 10:37:11
CMN,4933,OK,03/05/2026 10:37:11
CMN,4932,OK,03/05/2026 10:37:11
CMN,4931,OK,03/05/2026 10:37:11
CMN,4930,OK,03/05/2026 10:37:11
CMN,4929,OK,03/05/2026 10:37:11
CMN,4928,OK,03/05/2026 10:37:11
CMN,4927,OK,03/05/2026 10:37:11
CMN,4926,OK,03/05/2026 10:37:11
CMN,4925,OK,03/05/2026 10:37:11
CMN,4924,OK,03/05/2026 10:37:11
CMN,4923,OK,03/05/2026 10:37:11
CMN,4922,OK,03/05/2026 10:37:11
CMN,4921,OK,03/05/2026 10:37:11
CMN,4920,OK,03/05/2026 10:37:11
CMN,4919,OK,03/05/2026 10:37:11
CMN,4918,OK,03/05/2026 10:37:11
CMN,4917,OK,03/05/2026 10:37:11
CMN,4916,OK,03/05/2026 10:37:11
CMN,4915,OK,03/05/2026 10:37:11
CMN,4914,OK,03/05/2026 10:37:11
CMN,4913,OK,03/05/2026 10:37:12
CMN,4912,OK,03/05/2026 10:37:12
CMN,4911,OK,03/05/2026 10:37:12
CMN,4910,OK,03/05/2026 10:37:12
CMN,4909,OK,03/05/2026 10:37:12
CMN,4908,OK,03/05/2026 10:37:12
CMN,4907,OK,03/05/2026 10:37:12
CMN,4906,OK,03/05/2026 10:37:12
CMN,4905,OK,03/05/2026 10:37:12
CMN,4904,OK,03/05/2026 10:37:12
CMN,4903,OK,03/05/2026 10:37:12
CMN,4902,OK,03/05/2026 10:37:12
CMN,4901,OK,03/05/2026 10:37:12
CMN,4900,OK,03/05/2026 10:37:12
CMN,4899,OK,03/05/2026 10:37:12
CMN,4898,OK,03/05/2026 10:37:12
CMN,4897,OK,03/05/2026 10:37:12
CMN,4896,OK,03/05/2026 10:37:12
CMN,4895,OK,03/05/2026 10:37:12
CMN,4894,OK,03/05/2026 10:37:12
CMN,4893,OK,03/05/2026 10:37:12
CMN,4892,OK,03/05/2026 10:37:12
CMN,4891,OK,03/05/2026 10:37:12
CMN,4890,OK,03/05/2026 10:37:12
CMN,4889,OK,03/05/2026 10:37:12
CMN,4888,OK,03/05/2026 10:37:12
CMN,4887,OK,03/05/2026 10:37:12
CMN,4886,OK,03/05/2026 10:37:12
CMN,4885,OK,03/05/2026 10:37:12
CMN,4884,OK,03/05/2026 10:37:12
CMN,4883,OK,03/05/2026 10:37:12
CMN,4882,OK,03/05/2026 10:37:12
CMN,4881,OK,03/05/2026 10:37:12
CMN,4880,OK,03/05/2026 10:37:12
CMN,4879,OK,03/05/2026 10:37:12
CMN,4878,OK,03/05/2026 10:37:12
CMN,4877,OK,03/05/2026 10:37:12
CMN,4876,OK,03/05/2026 10:37:12
CMN,4875,OK,03/05/2026 10:37:12
CMN,4874,OK,03/05/2026 10:37:12
CMN,4873,OK,03/05/2026 10:37:12
CMN,4872,OK,03/05/2026 10:37:12
CMN,4871,OK,03/05/2026 10:37:13
CMN,4870,OK,03/05/2026 10:37:13
CMN,4869,OK,03/05/2026 10:37:13
CMN,4868,OK,03/05/2026 10:37:13
CMN,4867,OK,03/05/2026 10:37:13
CMN,4866,OK,03/05/2026 10:37:13
CMN,4865,OK,03/05/2026 10:37:13
CMN,4864,OK,03/05/2026 10:37:13
CMN,4863,OK,03/05/2026 10:37:13
CMN,4862,OK,03/05/2026 10:37:13
CMN,4861,OK,03/05/2026 10:37:13
CMN,4860,OK,03/05/2026 10:37:13
CMN,4859,OK,03/05/2026 10:37:13
CMN,4858,OK,03/05/2026 10:37:13
CMN,4857,OK,03/05/2026 10:37:13
CMN,4856,OK,03/05/2026 10:37:13
CMN,4855,OK,03/05/2026 10:37:13
CMN,4854,OK,03/05/2026 10:37:13
CMN,4853,OK,03/05/2026 10:37:13
CMN,4852,OK,03/05/2026 10:37:13
CMN,4851,OK,03/05/2026 10:37:13
CMN,4850,OK,03/05/2026 10:37:13
CMN,4849,OK,03/05/2026 10:37:13
CMN,4848,OK,03/05/2026 10:37:13
CMN,4847,OK,03/05/2026 10:37:13
CMN,4846,OK,03/05/2026 10:37:13
CMN,4845,OK,03/05/2026 10:37:13
CMN,4844,OK,03/05/2026 10:37:13
CMN,4843,OK,03/05/2026 10:37:13
CMN,4842,OK,03/05/2026 10:37:13
CMN,4841,OK,03/05/2026 10:37:13
CMN,4840,OK,03/05/2026 10:37:13
CMN,4839,OK,03/05/2026 18:25:57
CMN,4838,OK,03/05/2026 18:25:57
CMN,4837,OK,03/05/2026 18:25:57
CMN,4836,OK,03/05/2026 18:25:57
CMN,4835,OK,03/05/2026 18:25:57
CMN,4834,OK,03/05/2026 18:25:57
CMN,4833,OK,03/05/2026 18:25:57
CMN,4832,OK,03/05/2026 18:25:57
CMN,4831,OK,03/05/2026 18:25:57
CMN,4830,OK,03/05/2026 18:25:57
CMN,4829,OK,03/05/2026 18:25:57
CMN,4828,OK,03/05/2026 18:25:57
CMN,4827,OK,03/05/2026 18:25:57
CMN,4826,OK,03/05/2026 18:25:57
CMN,4825,OK,03/05/2026 18:25:57
CMN,4824,OK,03/05/2026 18:25:57
CMN,4823,OK,03/05/2026 18:25:57
CMN,4822,OK,03/05/2026 18:25:57
CMN,4821,OK,03/05/2026 18:25:57
CMN,4820,OK,03/05/2026 18:25:57
CMN,4819,OK,03/05/2026 18:25:57
CMN,4818,OK,03/05/2026 18:25:57
CMN,4817,OK,03/05/2026 18:25:57
CMN,4816,OK,03/05/2026 18:25:57
CMN,4815,OK,03/05/2026 18:25:57
CMN,4814,OK,03/05/2026 18:25:57
CMN,4813,OK,03/05/2026 18:25:57
CMN,4812,OK,03/05/2026 18:25:57
CMN,4811,OK,03/05/2026 18:25:58
CMN,4810,OK,03/05/2026 18:25:58
CMN,4809,OK,03/05/2026 18:25:58
CMN,4808,OK,03/05/2026 18:25:58
CMN,4807,OK,03/05/2026 18:25:58
CMN,4806,OK,03/05/2026 18:25:58
CMN,4805,OK,03/05/2026 18:25:58
CMN,4804,OK,03/05/2026 18:25:58
CMN,4803,OK,03/05/2026 18:25:58
CMN,4802,OK,03/05/2026 18:25:58
CMN,4801,OK,03/05/2026 18:25:58
CMN,4800,OK,03/05/2026 18:25:58
CMN,4799,OK,03/05/2026 18:25:58
CMN,4798,OK,03/05/2026 18:25:58
CMN,4797,OK,03/05/2026 18:25:58
CMN,4796,OK,03/05/2026 18:25:58
CMN,4795,OK,03/05/2026 18:25:58
CMN,4794,OK,03/05/2026 18:25:58
CMN,4793,OK,03/05/2026 18:25:58
CMN,4792,OK,03/05/2026 18:25:58
CMN,4791,OK,03/05/2026 18:25:58
CMN,4790,OK,03/05/2026 18:25:58
CMN,4789,OK,03/05/2026 18:25:58
CMN,4788,OK,03/05/2026 18:25:58
CMN,4787,OK,03/05/2026 18:25:58
CMN,4786,OK,03/05/2026 18:25:58
CMN,4785,OK,03/05/2026 18:25:58
CMN,4784,OK,03/05/2026 18:25:58
CMN,4783,OK,03/05/2026 18:25:58
CMN,4782,OK,03/05/2026 18:25:58
CMN,4781,OK,03/05/2026 18:25:58
CMN,4780,OK,03/05/2026 18:25:58
CMN,4779,OK,03/05/2026 18:25:58
CMN,4778,OK,03/05/2026 18:25:58
CMN,4777,OK,03/05/2026 18:25:58
CMN,4776,OK,03/05/2026 18:25:59
CMN,4775,OK,03/05/2026 18:25:59
CMN,4774,OK,03/05/2026 18:25:59
CMN,4773,OK,03/05/2026 18:25:59
CMN,4772,OK,03/05/2026 18:25:59
CMN,4771,OK,03/05/2026 18:25:59
CMN,4770,OK,03/05/2026 18:25:59
CMN,4769,OK,03/05/2026 18:25:59
CMN,4768,OK,03/05/2026 18:25:59
CMN,4767,OK,03/05/2026 18:25:59
CMN,4766,OK,03/05/2026 18:25:59
CMN,4765,OK,03/05/2026 18:25:59
CMN,4764,OK,03/05/2026 18:25:59
CMN,4763,OK,03/05/2026 18:25:59
CMN,4762,OK,03/05/2026 18:25:59
CMN,4761,OK,03/05/2026 18:25:59
CMN,4760,OK,03/05/2026 18:25:59
CMN,4759,OK,03/05/2026 18:25:59
CMN,4758,OK,03/05/2026 18:25:59
CMN,4757,OK,03/05/2026 18:25:59
CMN,4756,OK,03/05/2026 18:25:59
CMN,4755,OK,03/05/2026 18:25:59
CMN,4754,OK,03/05/2026 18:25:59
CMN,4753,OK,03/05/2026 18:25:59
CMN,4752,OK,03/05/2026 18:25:59
CMN,4751,OK,03/05/2026 18:25:59
CMN,4750,OK,03/05/2026 18:25:59
CMN,4749,OK,03/05/2026 18:25:59
CMN,4748,OK,03/05/2026 18:25:59
CMN,4747,OK,03/05/2026 18:25:59
CMN,4746,OK,03/05/2026 18:26:00
CMN,4745,OK,03/05/2026 18:26:00
CMN,4744,OK,03/05/2026 18:26:00
CMN,4743,OK,03/05/2026 18:26:00
CMN,4742,OK,03/05/2026 18:26:00
CMN,4741,OK,03/05/2026 18:26:00
CMN,4740,OK,03/05/2026 18:26:00
CMN,4739,OK,03/05/2026 18:26:00
CMN,4738,OK,03/05/2026 18:26:00
CMN,4737,OK,03/05/2026 18:26:00
CMN,4736,OK,03/05/2026 18:26:00
CMN,4735,OK,03/05/2026 18:26:00
CMN,4734,OK,03/05/2026 18:26:00
CMN,4733,OK,03/05/2026 18:26:00
CMN,4732,OK,03/05/2026 18:26:00
CMN,4731,OK,03/05/2026 18:26:00
CMN,4730,OK,03/05/2026 18:26:00
CMN,4729,OK,03/05/2026 18:26:00
CMN,4728,OK,03/05/2026 18:26:00
CMN,4727,OK,03/05/2026 18:26:00
CMN,4726,OK,03/05/2026 18:26:00
CMN,4725,OK,03/05/2026 18:26:00
CMN,4724,OK,03/05/2026 18:26:00
CMN,4723,OK,03/05/2026 18:26:00
CMN,4722,OK,03/05/2026 18:26:00
CMN,4721,OK,03/05/2026 18:26:00
CMN,4720,OK,03/05/2026 18:26:00
CMN,4719,OK,03/05/2026 18:26:00
CMN,4718,OK,03/05/2026 18:26:00
CMN,4717,OK,03/05/2026 18:26:00
CMN,4716,OK,03/05/2026 18:26:00
CMN,4715,OK,03/05/2026 18:26:00
CMN,4714,OK,03/05/2026 18:26:01
CMN,4713,OK,03/05/2026 18:26:01
CMN,4712,OK,03/05/2026 18:26:01
CMN,4711,OK,03/05/2026 18:26:01
CMN,4710,OK,03/05/2026 18:26:01
CMN,4709,OK,03/05/2026 18:26:01
CMN,4708,OK,03/05/2026 18:26:01
CMN,4707,OK,03/05/2026 18:26:01
CMN,4706,OK,03/05/2026 18:26:01
CMN,4705,OK,03/05/2026 18:26:01
CMN,4704,OK,03/05/2026 18:26:01
CMN,4703,OK,03/05/2026 18:26:01
CMN,4702,OK,03/05/2026 18:26:01
CMN,4701,OK,03/05/2026 18:26:01
CMN,4700,OK,03/05/2026 18:26:01
CMN,4699,OK,03/05/2026 18:26:01
CMN,4698,OK,03/05/2026 18:26:01
CMN,4697,OK,03/05/2026 18:26:01
CMN,4696,OK,03/05/2026 18:26:01
CMN,4695,OK,03/05/2026 18:26:01
CMN,4694,OK,03/05/2026 18:26:01
CMN,4693,OK,03/05/2026 18:26:01
CMN,4692,OK,03/05/2026 18:26:01
CMN,4691,OK,03/05/2026 18:26:01
CMN,4690,OK,03/05/2026 18:26:01
CMN,4689,OK,03/05/2026 18:26:01
CMN,4688,OK,03/05/2026 18:26:01
CMN,4687,OK,03/05/2026 18:26:01
CMN,4686,OK,03/05/2026 18:26:01
CMN,4685,OK,03/05/2026 18:26:01
CMN,4684,OK,03/05/2026 18:26:01
CMN,4683,OK,03/05/2026 18:26:01
CMN,4682,OK,03/05/2026 18:26:02
CMN,4681,OK,03/05/2026 18:26:02
CMN,4680,OK,03/05/2026 18:26:02
CMN,4679,OK,03/05/2026 18:26:02
CMN,4678,OK,03/05/2026 18:26:02
CMN,4677,OK,03/05/2026 18:26:02
CMN,4676,OK,03/05/2026 18:26:02
CMN,4675,OK,03/05/2026 18:26:02
CMN,4674,OK,03/05/2026 18:26:02
CMN,4673,OK,03/05/2026 18:26:02
CMN,4672,OK,03/05/2026 18:26:02
CMN,4671,OK,03/05/2026 18:26:02
CMN,4670,OK,03/05/2026 18:26:02
CMN,4669,OK,03/05/2026 18:26:02
CMN,4668,OK,03/05/2026 18:26:02
CMN,4667,OK,03/05/2026 18:26:02
CMN,4666,OK,03/05/2026 18:26:02
CMN,4665,OK,03/05/2026 18:26:02
CMN,4664,OK,03/05/2026 18:26:02
CMN,4663,OK,03/05/2026 18:26:02
CMN,4662,OK,03/05/2026 18:26:02
CMN,4661,OK,03/05/2026 18:26:02
CMN,4660,OK,03/05/2026 18:26:02
CMN,4659,OK,03/05/2026 18:26:02
CMN,4658,OK,03/05/2026 18:26:02
CMN,4657,OK,03/05/2026 18:26:02
CMN,4656,OK,03/05/2026 18:26:02
CMN,4655,OK,03/05/2026 18:26:02
CMN,4654,OK,03/05/2026 18:26:02
CMN,4653,OK,03/05/2026 18:26:03
CMN,4652,OK,03/05/2026 18:26:03
CMN,4651,OK,03/05/2026 18:26:03
CMN,4650,OK,03/05/2026 18:26:03
CMN,4649,OK,03/05/2026 18:26:03
CMN,4648,OK,03/05/2026 18:26:03
CMN,4647,OK,03/05/2026 18:26:03
CMN,4646,OK,03/05/2026 18:26:03
CMN,4645,OK,03/05/2026 18:26:03
CMN,4644,OK,03/05/2026 18:26:03
CMN,4643,OK,03/05/2026 18:26:03
CMN,4642,OK,03/05/2026 18:26:03
CMN,4641,OK,03/05/2026 18:26:03
CMN,4640,OK,03/05/2026 18:26:03
CMN,4639,OK,03/05/2026 18:26:03
CMN,4638,OK,03/05/2026 18:26:03
CMN,4637,OK,03/05/2026 18:26:03
CMN,4636,OK,03/05/2026 18:26:03
CMN,4635,OK,03/05/2026 18:26:03
CMN,4634,OK,03/05/2026 18:26:03
CMN,4633,OK,03/05/2026 18:26:03
CMN,4632,OK,03/05/2026 18:26:03
CMN,4631,OK,03/05/2026 18:26:03
CMN,4630,OK,03/05/2026 18:26:03
CMN,4629,OK,03/05/2026 18:26:03
CMN,4628,OK,03/05/2026 18:26:03
CMN,4627,OK,03/05/2026 18:26:03
CMN,4626,OK,03/05/2026 18:26:03
CMN,4625,OK,03/05/2026 18:26:03
CMN,4624,OK,03/05/2026 18:26:03
CMN,4623,OK,03/05/2026 18:26:04
CMN,4622,OK,03/05/2026 18:26:04
CMN,4621,OK,03/05/2026 18:26:04
CMN,4620,OK,03/05/2026 18:26:04
CMN,4619,OK,03/05/2026 18:26:04
CMN,4618,OK,03/05/2026 18:26:04
CMN,4617,OK,03/05/2026 18:26:04
CMN,4616,OK,03/05/2026 18:26:04
CMN,4615,OK,03/05/2026 18:26:04
CMN,4614,OK,03/05/2026 18:26:04
CMN,4613,OK,03/05/2026 18:26:04
CMN,4612,OK,03/05/2026 18:26:04
CMN,4611,OK,03/05/2026 18:26:04
CMN,4610,OK,03/05/2026 18:26:04
CMN,4609,OK,03/05/2026 18:26:04
CMN,4608,OK,03/05/2026 18:26:04
CMN,4607,OK,03/05/2026 18:26:04
CMN,4606,OK,03/05/2026 18:26:04
CMN,4605,OK,03/05/2026 18:26:04
CMN,4604,OK,03/05/2026 18:26:04
CMN,4603,OK,03/05/2026 18:26:04
CMN,4602,OK,03/05/2026 18:26:04
CMN,4601,OK,03/05/2026 18:26:04
CMN,4600,OK,03/05/2026 18:26:04
CMN,4599,OK,03/05/2026 18:26:04
CMN,4598,OK,03/05/2026 18:26:04
CMN,4597,OK,03/05/2026 18:26:04
CMN,4596,OK,03/05/2026 18:26:04
CMN,4595,OK,03/05/2026 18:26:04
CMN,4594,OK,03/05/2026 18:26:04
CMN,4593,OK,03/05/2026 18:26:04
CMN,4592,OK,03/05/2026 18:26:05
CMN,4591,OK,03/05/2026 18:26:05
CMN,4590,OK,03/05/2026 18:26:05
CMN,4589,OK,03/05/2026 18:26:05
CMN,4588,OK,03/05/2026 18:26:05
CMN,4587,OK,03/05/2026 18:26:05
CMN,4586,OK,03/05/2026 18:26:05
CMN,4585,OK,03/05/2026 18:26:05
CMN,4584,OK,03/05/2026 18:26:05
CMN,4583,OK,03/05/2026 18:26:05
CMN,4582,OK,03/05/2026 18:26:05
CMN,4581,OK,03/05/2026 18:26:05
CMN,4580,OK,03/05/2026 18:26:05
CMN,4579,OK,03/05/2026 18:26:05
CMN,4578,OK,03/05/2026 18:26:05
CMN,4577,OK,03/05/2026 18:26:05
CMN,4576,OK,03/05/2026 18:26:05
CMN,4575,OK,03/05/2026 18:26:05
CMN,4574,OK,03/05/2026 18:26:05
CMN,4573,OK,03/05/2026 18:26:05
CMN,4572,OK,03/05/2026 18:26:05
CMN,4571,OK,03/05/2026 18:26:05
CMN,4570,OK,03/05/2026 18:26:05
CMN,4569,OK,03/05/2026 18:26:05
CMN,4568,OK,03/05/2026 18:26:05
CMN,4567,OK,03/05/2026 18:26:05
CMN,4566,OK,03/05/2026 18:26:05
CMN,4565,OK,03/05/2026 18:26:05
CMN,4564,OK,03/05/2026 18:26:05
CMN,4563,OK,03/05/2026 18:26:06
CMN,4562,OK,03/05/2026 18:26:06
CMN,4561,OK,03/05/2026 18:26:06
CMN,4560,OK,03/05/2026 18:26:06
CMN,4559,OK,03/05/2026 18:26:06
CMN,4558,OK,03/05/2026 18:26:06
CMN,4557,OK,03/05/2026 18:26:06
CMN,4556,OK,03/05/2026 18:26:06
CMN,4555,OK,03/05/2026 18:26:06
CMN,4554,OK,03/05/2026 18:26:06
CMN,4553,OK,03/05/2026 18:26:06
CMN,4552,OK,03/05/2026 18:26:06
CMN,4551,OK,03/05/2026 18:26:06
CMN,4550,OK,03/05/2026 18:26:06
CMN,4549,OK,03/05/2026 18:26:06
CMN,4548,OK,03/05/2026 18:26:06
CMN,4547,OK,03/05/2026 18:26:06
CMN,4546,OK,03/05/2026 18:26:06
CMN,4545,OK,03/05/2026 18:26:06
CMN,4544,OK,03/05/2026 18:26:06
CMN,4543,OK,03/05/2026 18:26:06
CMN,4542,OK,03/05/2026 18:26:06
CMN,4541,OK,03/05/2026 18:26:06
CMN,4540,OK,03/05/2026 18:26:06
CMN,4539,OK,03/05/2026 18:26:06
CMN,4538,OK,03/05/2026 18:26:06
CMN,4537,OK,03/05/2026 18:26:06
CMN,4536,OK,03/05/2026 18:26:06
CMN,4535,OK,03/05/2026 18:26:06
CMN,4534,OK,03/05/2026 18:26:07
CMN,4533,OK,03/05/2026 18:26:07
CMN,4532,OK,03/05/2026 18:26:07
CMN,4531,OK,03/05/2026 18:26:07
CMN,4530,OK,03/05/2026 18:26:07
CMN,4529,OK,03/05/2026 18:26:07
CMN,4528,OK,03/05/2026 18:26:07
CMN,4527,OK,03/05/2026 18:26:07
CMN,4526,OK,03/05/2026 18:26:07
CMN,4525,OK,03/05/2026 18:26:07
CMN,4524,OK,03/05/2026 18:26:07
CMN,4523,OK,03/05/2026 18:26:07
CMN,4522,OK,03/05/2026 18:26:07
CMN,4521,OK,03/05/2026 18:26:07
CMN,4520,OK,03/05/2026 18:26:07
CMN,4519,OK,03/05/2026 18:26:07
CMN,4518,OK,03/05/2026 18:26:07
CMN,4517,OK,03/05/2026 18:26:07
CMN,4516,OK,03/05/2026 18:26:07
CMN,4515,OK,03/05/2026 18:26:07
CMN,4514,OK,03/05/2026 18:26:07
CMN,4513,OK,03/05/2026 18:26:07
CMN,4512,OK,03/05/2026 18:26:07
CMN,4511,OK,03/05/2026 18:26:07
CMN,4510,OK,03/05/2026 18:26:07
CMN,4509,OK,03/05/2026 18:26:07
CMN,4508,OK,03/05/2026 18:26:07
CMN,4507,OK,03/05/2026 18:26:07
CMN,4506,OK,03/05/2026 18:26:07
CMN,4505,OK,03/05/2026 18:26:08
CMN,4504,OK,03/05/2026 18:26:08
CMN,4503,OK,03/05/2026 18:26:08
CMN,4502,OK,03/05/2026 18:26:08
CMN,4501,OK,03/05/2026 18:26:08
CMN,4500,OK,03/05/2026 18:26:08
CMN,4499,OK,03/05/2026 18:26:08
CMN,4498,OK,03/05/2026 18:26:08
CMN,4497,OK,03/05/2026 18:26:08
CMN,4496,OK,03/05/2026 18:26:08
CMN,4495,OK,03/05/2026 18:26:08
CMN,4494,OK,03/05/2026 18:26:08
CMN,4493,OK,03/05/2026 18:26:08
CMN,4492,OK,03/05/2026 18:26:08
CMN,4491,OK,03/05/2026 18:26:08
CMN,4490,OK,03/05/2026 18:26:08
CMN,4489,OK,03/05/2026 18:26:08
CMN,4488,OK,03/05/2026 18:26:08
CMN,4487,OK,03/05/2026 18:26:08
CMN,4486,OK,03/05/2026 18:26:08
CMN,4485,OK,03/05/2026 18:26:08
CMN,4484,OK,03/05/2026 18:26:08
CMN,4483,OK,03/05/2026 18:26:08
CMN,4482,OK,03/05/2026 18:26:08
CMN,4481,OK,03/05/2026 18:26:08
CMN,4480,OK,03/05/2026 18:26:08
CMN,4479,OK,03/05/2026 18:26:08
CMN,4478,OK,03/05/2026 18:26:08
CMN,4477,OK,03/05/2026 18:26:08
CMN,4476,OK,03/05/2026 18:26:09
CMN,4475,OK,03/05/2026 18:26:09
CMN,4474,OK,03/05/2026 18:26:09
CMN,4473,OK,03/05/2026 18:26:09
CMN,4472,OK,03/05/2026 18:26:09
CMN,4471,OK,03/05/2026 18:26:09
CMN,4470,OK,03/05/2026 18:26:09
CMN,4469,OK,03/05/2026 18:26:09
CMN,4468,OK,03/05/2026 18:26:09
CMN,4467,OK,03/05/2026 18:26:09
CMN,4466,OK,03/05/2026 18:26:09
CMN,4465,OK,03/05/2026 18:26:09
CMN,4464,OK,03/05/2026 18:26:09
CMN,4463,OK,03/05/2026 18:26:09
CMN,4462,OK,03/05/2026 18:26:09
CMN,4461,OK,03/05/2026 18:26:09
CMN,4460,OK,03/05/2026 18:26:09
CMN,4459,OK,03/05/2026 18:26:09
CMN,4458,OK,03/05/2026 18:26:09
CMN,4457,OK,03/05/2026 18:26:09
CMN,4456,OK,03/05/2026 18:26:09
CMN,4455,OK,03/05/2026 18:26:09
CMN,4454,OK,03/05/2026 18:26:09
CMN,4453,OK,03/05/2026 18:26:09
CMN,4452,OK,03/05/2026 18:26:09
CMN,4451,OK,03/05/2026 18:26:09
CMN,4450,OK,03/05/2026 18:26:09
CMN,4449,OK,03/05/2026 18:26:09
CMN,4448,OK,03/05/2026 18:26:09
CMN,4447,OK,03/05/2026 18:26:09
CMN,4446,OK,03/05/2026 18:26:09
CMN,4445,OK,03/05/2026 18:26:10
CMN,4444,OK,03/05/2026 18:26:10
CMN,4443,OK,03/05/2026 18:26:10
CMN,4442,OK,03/05/2026 18:26:10
CMN,4441,OK,03/05/2026 18:26:10
CMN,4440,OK,03/05/2026 18:26:10
CMN,4439,OK,03/05/2026 18:26:10
CMN,4438,OK,03/05/2026 18:26:10
CMN,4437,OK,03/05/2026 18:26:10
CMN,4436,OK,03/05/2026 18:26:10
CMN,4435,OK,03/05/2026 18:26:10
CMN,4434,OK,03/05/2026 18:26:10
CMN,4433,OK,03/05/2026 18:26:10
CMN,4432,OK,03/05/2026 18:26:10
CMN,4431,OK,03/05/2026 18:26:10
CMN,4430,OK,03/05/2026 18:26:10
CMN,4429,OK,03/05/2026 18:26:10
CMN,4428,OK,03/05/2026 18:26:10
CMN,4427,OK,03/05/2026 18:26:10
CMN,4426,OK,03/05/2026 18:26:10
CMN,4425,OK,03/05/2026 18:26:10
CMN,4424,OK,03/05/2026 18:26:10
CMN,4423,OK,03/05/2026 18:26:10
CMN,4422,OK,03/05/2026 18:26:10
CMN,4421,OK,03/05/2026 18:26:10
CMN,4420,OK,03/05/2026 18:26:10
CMN,4419,OK,03/05/2026 18:26:10
CMN,4418,OK,03/05/2026 18:26:10
CMN,4417,OK,03/05/2026 18:26:10
CMN,4416,OK,03/05/2026 18:26:10
CMN,4415,OK,03/05/2026 18:26:11
CMN,4414,OK,03/05/2026 18:26:11
CMN,4413,OK,03/05/2026 18:26:11
CMN,4412,OK,03/05/2026 18:26:11
CMN,4411,OK,03/05/2026 18:26:11
CMN,4410,OK,03/05/2026 18:26:11
CMN,4409,OK,03/05/2026 18:26:11
CMN,4408,OK,03/05/2026 18:26:11
CMN,4407,OK,03/05/2026 18:26:11
CMN,4406,OK,03/05/2026 18:26:11
CMN,4405,OK,03/05/2026 18:26:11
CMN,4404,OK,03/05/2026 18:26:11
CMN,4403,OK,03/05/2026 18:26:11
CMN,4402,OK,03/05/2026 18:26:11
CMN,4401,OK,03/05/2026 18:26:11
CMN,4400,OK,03/05/2026 18:26:11
CMN,4399,OK,03/05/2026 18:26:11
CMN,4398,OK,03/05/2026 18:26:11
CMN,4397,OK,03/05/2026 18:26:11
CMN,4396,OK,03/05/2026 18:26:11
CMN,4395,OK,03/05/2026 18:26:11
CMN,4394,OK,03/05/2026 18:26:11
CMN,4393,OK,03/05/2026 18:26:11
CMN,4392,OK,03/05/2026 18:26:11
CMN,4391,OK,03/05/2026 18:26:11
CMN,4390,OK,03/05/2026 18:26:11
CMN,4389,OK,03/05/2026 18:26:11
CMN,4388,OK,03/05/2026 18:26:11
CMN,4387,OK,03/05/2026 18:26:11
CMN,4386,OK,03/05/2026 18:26:11
CMN,4385,OK,03/05/2026 18:26:11
CMN,4384,OK,03/05/2026 18:26:12
CMN,4383,OK,03/05/2026 18:26:12
CMN,4382,OK,03/05/2026 18:26:12
CMN,4381,OK,03/05/2026 18:26:12
CMN,4380,OK,03/05/2026 18:26:12
CMN,4379,OK,03/05/2026 18:26:12
CMN,4378,OK,03/05/2026 18:26:12
CMN,4377,OK,03/05/2026 18:26:12
CMN,4376,OK,03/05/2026 18:26:12
CMN,4375,OK,03/05/2026 18:26:12
CMN,4374,OK,03/05/2026 18:26:12
CMN,4373,OK,03/05/2026 18:26:12
CMN,4372,OK,03/05/2026 18:26:12
CMN,4371,OK,03/05/2026 18:26:12
CMN,4370,OK,03/05/2026 18:26:12
CMN,4369,OK,03/05/2026 18:26:12
CMN,4368,OK,03/05/2026 18:26:12
CMN,4367,OK,03/05/2026 18:26:12
CMN,4366,OK,03/05/2026 18:26:12
CMN,4365,OK,03/05/2026 18:26:12
CMN,4364,OK,03/05/2026 18:26:12
CMN,4363,OK,03/05/2026 18:26:12
CMN,4362,OK,03/05/2026 18:26:12
CMN,4361,OK,03/05/2026 18:26:12
CMN,4360,OK,03/05/2026 18:26:12
CMN,4359,OK,03/05/2026 18:26:12
CMN,4358,OK,03/05/2026 18:26:12
CMN,4357,OK,03/05/2026 18:26:12
CMN,4356,OK,03/05/2026 18:26:12
CMN,4355,OK,03/05/2026 18:26:13
CMN,4354,OK,03/05/2026 18:26:13
CMN,4353,OK,03/05/2026 18:26:13
CMN,4352,OK,03/05/2026 18:26:13
CMN,4351,OK,03/05/2026 18:26:13
CMN,4350,OK,03/05/2026 18:26:13
CMN,4349,OK,03/05/2026 18:26:13
CMN,4348,OK,03/05/2026 18:26:13
CMN,4347,OK,03/05/2026 18:26:13
CMN,4346,OK,03/05/2026 18:26:13
CMN,4345,OK,03/05/2026 18:26:13
CMN,4344,OK,03/05/2026 18:26:13
CMN,4343,OK,03/05/2026 18:26:13
CMN,4342,OK,03/05/2026 18:26:13
CMN,4341,OK,03/05/2026 18:26:13
CMN,4340,OK,03/05/2026 18:26:13
CMN,4339,OK,03/05/2026 18:26:13
CMN,4338,OK,03/05/2026 18:26:13
CMN,4337,OK,03/05/2026 18:26:13
CMN,4336,OK,03/05/2026 18:26:13
CMN,4335,OK,03/05/2026 18:26:13
CMN,4334,OK,03/05/2026 18:26:13
CMN,4333,OK,03/05/2026 18:26:13
CMN,4332,OK,03/05/2026 18:26:13
CMN,4331,OK,03/05/2026 18:26:13
CMN,4330,OK,03/05/2026 18:26:13
CMN,4329,OK,03/05/2026 18:26:13
CMN,4328,OK,03/05/2026 18:26:13
CMN,4327,OK,03/05/2026 18:26:13
CMN,4326,OK,03/05/2026 18:26:13
CMN,4325,OK,03/05/2026 18:26:13
CMN,4324,OK,03/05/2026 18:26:14
CMN,4323,OK,03/05/2026 18:26:14
CMN,4322,OK,03/05/2026 18:26:14
CMN,4321,OK,03/05/2026 18:26:14
CMN,4320,OK,03/05/2026 18:26:14
CMN,4319,OK,03/05/2026 18:26:14
CMN,4318,OK,03/05/2026 18:26:14
CMN,4317,OK,03/05/2026 18:26:14
CMN,4316,OK,03/05/2026 18:26:14
CMN,4315,OK,03/05/2026 18:26:14
CMN,4314,OK,03/05/2026 18:26:14
CMN,4313,OK,03/05/2026 18:26:14
CMN,4312,OK,03/05/2026 18:26:14
CMN,4311,OK,03/05/2026 18:26:14
CMN,4310,OK,03/05/2026 18:26:14
CMN,4309,OK,03/05/2026 18:26:14
CMN,4308,OK,03/05/2026 18:26:14
CMN,4307,OK,03/05/2026 18:26:14
CMN,4306,OK,03/05/2026 18:26:14
CMN,4305,OK,03/05/2026 18:26:14
CMN,4304,OK,03/05/2026 18:26:14
CMN,4303,OK,03/05/2026 18:26:14
CMN,4302,OK,03/05/2026 18:26:14
CMN,4301,OK,03/05/2026 18:26:14
CMN,4300,OK,03/05/2026 18:26:14
CMN,4299,OK,03/05/2026 18:26:14
CMN,4298,OK,03/05/2026 18:26:14
CMN,4297,OK,03/05/2026 18:26:14
CMN,4296,OK,03/05/2026 18:26:14
CMN,4295,OK,03/05/2026 18:26:14
CMN,4294,OK,03/05/2026 18:26:15
CMN,4293,OK,03/05/2026 18:26:15
CMN,4292,OK,03/05/2026 18:26:15
CMN,4291,OK,03/05/2026 18:26:15
CMN,4290,OK,03/05/2026 18:26:15
CMN,4289,OK,03/05/2026 18:26:15
CMN,4288,OK,03/05/2026 18:26:15
CMN,4287,OK,03/05/2026 18:26:15
CMN,4286,OK,03/05/2026 18:26:15
CMN,4285,OK,03/05/2026 18:26:15
CMN,4284,OK,03/05/2026 18:26:15
CMN,4283,OK,03/05/2026 18:26:15
CMN,4282,OK,03/05/2026 18:26:15
CMN,4281,OK,03/05/2026 18:26:15
CMN,4280,OK,03/05/2026 18:26:15
CMN,4279,OK,03/05/2026 18:26:15
CMN,4278,OK,03/05/2026 18:26:15
CMN,4277,OK,03/05/2026 18:26:15
CMN,4276,OK,03/05/2026 18:26:15
CMN,4275,OK,03/05/2026 18:26:15
CMN,4274,OK,03/05/2026 18:26:15
CMN,4273,OK,03/05/2026 18:26:15
CMN,4272,OK,03/05/2026 18:26:15
CMN,4271,OK,03/05/2026 18:26:15
CMN,4270,OK,03/05/2026 18:26:15
CMN,4269,OK,03/05/2026 18:26:15
CMN,4268,OK,03/05/2026 18:26:15
CMN,4267,OK,03/05/2026 18:26:15
CMN,4266,OK,03/05/2026 18:26:15
CMN,4265,OK,03/05/2026 18:26:15
CMN,4264,OK,03/05/2026 18:26:15
CMN,4263,OK,03/05/2026 18:26:16
CMN,4262,OK,03/05/2026 18:26:16
CMN,4261,OK,03/05/2026 18:26:16
CMN,4260,OK,03/05/2026 18:26:16
CMN,4259,OK,03/05/2026 18:26:16
CMN,4258,OK,03/05/2026 18:26:16
CMN,4257,OK,03/05/2026 18:26:16
CMN,4256,OK,03/05/2026 18:26:16
CMN,4255,OK,03/05/2026 18:26:16
CMN,4254,OK,03/05/2026 18:26:16
CMN,4253,OK,03/05/2026 18:26:16
CMN,1,PENDENTE,03/05/2026 10:35:36
CMN,2,PENDENTE,03/05/2026 09:37:15
CMN,3,PENDENTE,03/05/2026 09:37:46
CMN,4252,OK,03/05/2026 18:26:16
CMN,4251,OK,03/05/2026 18:26:16
CMN,4250,OK,03/05/2026 18:26:16
CMN,4249,OK,03/05/2026 18:26:16
CMN,4248,OK,03/05/2026 18:26:16
CMN,4247,OK,03/05/2026 18:26:16
CMN,4246,OK,03/05/2026 18:26:16
CMN,4245,OK,03/05/2026 18:26:16
CMN,4244,OK,03/05/2026 18:26:16
CMN,4243,OK,03/05/2026 18:26:16
CMN,4242,OK,03/05/2026 18:26:16
CMN,4241,OK,03/05/2026 18:26:16
CMN,4240,OK,03/05/2026 18:26:16
CMN,4239,OK,03/05/2026 18:26:16
CMN,4238,OK,03/05/2026 18:26:16
CMN,4237,OK,03/05/2026 18:26:16
CMN,4236,OK,03/05/2026 18:26:16
CMN,4235,OK,03/05/2026 18:26:16
CMN,4234,OK,03/05/2026 18:26:16
CMN,4233,OK,03/05/2026 18:26:16
CMN,4232,OK,03/05/2026 18:26:16
CMN,4231,OK,03/05/2026 18:26:17
CMN,4230,OK,03/05/2026 18:26:17
CMN,4229,OK,03/05/2026 18:26:17
CMN,4228,OK,03/05/2026 18:26:17
CMN,4227,OK,03/05/2026 18:26:17
CMN,4226,OK,03/05/2026 18:26:17
CMN,4225,OK,03/05/2026 18:26:17
CMN,4224,OK,03/05/2026 18:26:17
CMN,4223,OK,03/05/2026 18:26:17
CMN,4222,OK,03/05/2026 18:26:17
CMN,4221,OK,03/05/2026 18:26:17
CMN,4220,OK,03/05/2026 18:26:17
CMN,4219,OK,03/05/2026 18:26:17
CMN,4218,OK,03/05/2026 18:26:17
CMN,4217,OK,03/05/2026 18:26:17
CMN,4216,OK,03/05/2026 18:26:17
CMN,4215,OK,03/05/2026 18:26:17
CMN,4214,OK,03/05/2026 18:26:17
CMN,4213,OK,03/05/2026 18:26:17
CMN,4212,OK,03/05/2026 18:26:17
CMN,4211,OK,03/05/2026 18:26:17
CMN,4210,OK,03/05/2026 18:26:17
CMN,4209,OK,03/05/2026 18:26:17
CMN,4208,OK,03/05/2026 18:26:17
CMN,4207,OK,03/05/2026 18:26:17
CMN,4206,OK,03/05/2026 18:26:17
CMN,4205,OK,03/05/2026 18:26:17
CMN,4204,OK,03/05/2026 18:26:17
CMN,4203,OK,03/05/2026 18:26:17
CMN,4202,OK,03/05/2026 18:26:17
CMN,4201,OK,03/05/2026 18:26:17
CMN,4200,OK,03/05/2026 18:26:18
CMN,4199,OK,03/05/2026 18:26:18
CMN,4198,OK,03/05/2026 18:26:18
CMN,4197,OK,03/05/2026 18:26:18
CMN,4196,OK,03/05/2026 18:26:18
CMN,4195,OK,03/05/2026 18:26:18
CMN,4194,OK,03/05/2026 18:26:18
CMN,4193,OK,03/05/2026 18:26:18
CMN,4192,OK,03/05/2026 18:26:18
CMN,4191,OK,03/05/2026 18:26:18
CMN,4190,OK,03/05/2026 18:26:18
CMN,4189,OK,03/05/2026 18:26:18
CMN,4188,OK,03/05/2026 18:26:18
CMN,4187,OK,03/05/2026 18:26:18
CMN,4186,OK,03/05/2026 18:26:18
CMN,4185,OK,03/05/2026 18:26:18
CMN,4184,OK,03/05/2026 18:26:18
CMN,4183,OK,03/05/2026 18:26:18
CMN,4182,OK,03/05/2026 18:26:18
CMN,4181,OK,03/05/2026 18:26:18
CMN,4180,OK,03/05/2026 18:26:18
CMN,4179,OK,03/05/2026 18:26:18
CMN,4178,OK,03/05/2026 18:26:18
CMN,4177,OK,03/05/2026 18:26:18
CMN,4176,OK,03/05/2026 18:26:18
CMN,4175,OK,03/05/2026 18:26:18
CMN,4174,OK,03/05/2026 18:26:18
CMN,4173,OK,03/05/2026 18:26:18
CMN,4172,OK,03/05/2026 18:26:18
CMN,4171,OK,03/05/2026 18:26:18
CMN,4170,OK,03/05/2026 18:26:19
CMN,4169,OK,03/05/2026 18:26:19
CMN,4168,OK,03/05/2026 18:26:19
CMN,4167,OK,03/05/2026 18:26:19
CMN,4166,OK,03/05/2026 18:26:19
CMN,4165,OK,03/05/2026 18:26:19
CMN,4164,OK,03/05/2026 18:26:19
CMN,4163,OK,03/05/2026 18:26:19
CMN,4162,OK,03/05/2026 18:26:19
CMN,4161,OK,03/05/2026 18:26:19
CMN,4160,OK,03/05/2026 18:26:19
CMN,4159,OK,03/05/2026 18:26:19
CMN,4158,OK,03/05/2026 18:26:19
CMN,4157,OK,03/05/2026 18:26:19
CMN,4156,OK,03/05/2026 18:26:19
CMN,4155,OK,03/05/2026 18:26:19
CMN,4154,OK,03/05/2026 18:26:19
CMN,4153,OK,03/05/2026 18:26:19
CMN,4152,OK,03/05/2026 18:26:19
CMN,4151,OK,03/05/2026 18:26:19
CMN,4150,OK,03/05/2026 18:26:19
CMN,4149,OK,03/05/2026 18:26:19
CMN,4148,OK,03/05/2026 18:26:19
CMN,4147,OK,03/05/2026 18:26:19
CMN,4146,OK,03/05/2026 18:26:19
CMN,4145,OK,03/05/2026 18:26:19
CMN,4144,OK,03/05/2026 18:26:19
CMN,4143,OK,03/05/2026 18:26:19
CMN,4142,OK,03/05/2026 18:26:19
CMN,4141,OK,03/05/2026 18:26:19
CMN,4140,OK,03/05/2026 18:26:19
CMN,4139,OK,03/05/2026 18:26:19
CMN,4138,OK,03/05/2026 18:26:20
CMN,4137,OK,03/05/2026 18:26:20
CMN,4136,OK,03/05/2026 18:26:20
CMN,4135,OK,03/05/2026 18:26:20
CMN,4134,OK,03/05/2026 18:26:20
CMN,4133,OK,03/05/2026 18:26:20
CMN,4132,OK,03/05/2026 18:26:20
CMN,4131,OK,03/05/2026 18:26:20
CMN,4130,OK,03/05/2026 18:26:20
CMN,4129,OK,03/05/2026 18:26:20
CMN,4128,OK,03/05/2026 18:26:20
CMN,4127,OK,03/05/2026 18:26:20
CMN,4126,OK,03/05/2026 18:26:20
CMN,4125,OK,03/05/2026 18:26:20
CMN,4124,OK,03/05/2026 18:26:20
CMN,4123,OK,03/05/2026 18:26:20
CMN,4122,OK,03/05/2026 18:26:20
CMN,4121,OK,03/05/2026 18:26:20
CMN,4120,OK,03/05/2026 18:26:20
CMN,4119,OK,03/05/2026 18:26:20
CMN,4118,OK,03/05/2026 18:26:20
CMN,4117,OK,03/05/2026 18:26:20
CMN,4116,OK,03/05/2026 18:26:20
CMN,4115,OK,03/05/2026 18:26:20
CMN,4114,OK,03/05/2026 18:26:20
CMN,4113,OK,03/05/2026 18:26:20
CMN,4112,OK,03/05/2026 18:26:20
CMN,4111,OK,03/05/2026 18:26:20
CMN,4110,OK,03/05/2026 18:26:20
CMN,4109,OK,03/05/2026 18:26:20
CMN,4108,OK,03/05/2026 18:26:20
CMN,4107,OK,03/05/2026 18:26:20
CMN,4106,OK,03/05/2026 18:26:21
CMN,4105,OK,03/05/2026 18:26:21
CMN,4104,OK,03/05/2026 18:26:21
CMN,4103,OK,03/05/2026 18:26:21
CMN,4102,OK,03/05/2026 18:26:21
CMN,4101,OK,03/05/2026 18:26:21
CMN,4100,OK,03/05/2026 18:26:21
CMN,4099,OK,03/05/2026 18:26:21
CMN,4098,OK,03/05/2026 18:26:21
CMN,4097,OK,03/05/2026 18:26:21
CMN,4096,OK,03/05/2026 18:26:21
CMN,4095,OK,03/05/2026 18:26:21
CMN,4094,OK,03/05/2026 18:26:21
CMN,4093,OK,03/05/2026 18:26:21
CMN,4092,OK,03/05/2026 18:26:21
CMN,4091,OK,03/05/2026 18:26:21
CMN,4090,OK,03/05/2026 18:26:21
CMN,4089,OK,03/05/2026 18:26:21
CMN,4088,OK,03/05/2026 18:26:21
CMN,4087,OK,03/05/2026 18:26:21
CMN,4086,OK,03/05/2026 18:26:21
CMN,4085,OK,03/05/2026 18:26:21
CMN,4084,OK,03/05/2026 18:26:21
CMN,4083,OK,03/05/2026 18:26:21
CMN,4082,OK,03/05/2026 18:26:21
CMN,4081,OK,03/05/2026 18:26:21
CMN,4080,OK,03/05/2026 18:26:21
CMN,4079,OK,03/05/2026 18:26:21
CMN,4078,OK,03/05/2026 18:26:21
CMN,4077,OK,03/05/2026 18:26:21
CMN,4076,OK,03/05/2026 18:26:21
CMN,4075,OK,03/05/2026 18:26:21
CMN,4074,OK,03/05/2026 18:26:21
CMN,4073,OK,03/05/2026 18:26:22
CMN,4072,OK,03/05/2026 18:26:22
CMN,4071,OK,03/05/2026 18:26:22
CMN,4070,OK,03/05/2026 18:26:22
CMN,4069,OK,03/05/2026 18:26:22
CMN,4068,OK,03/05/2026 18:26:22
CMN,4067,OK,03/05/2026 18:26:22
CMN,4066,OK,03/05/2026 18:26:22
CMN,4065,OK,03/05/2026 18:26:22
CMN,4064,OK,03/05/2026 18:26:22
CMN,4063,OK,03/05/2026 18:26:22
CMN,4062,OK,03/05/2026 18:26:22
CMN,4061,OK,03/05/2026 18:26:22
CMN,4060,OK,03/05/2026 18:26:22
CMN,4059,OK,03/05/2026 18:26:22
CMN,4058,OK,03/05/2026 18:26:22
CMN,4057,OK,03/05/2026 18:26:22
CMN,4056,OK,03/05/2026 18:26:22
CMN,4055,OK,03/05/2026 18:26:22
CMN,4054,OK,03/05/2026 18:26:22
CMN,4053,OK,03/05/2026 18:26:22
CMN,4052,OK,03/05/2026 18:26:22
CMN,4051,OK,03/05/2026 18:26:22
CMN,4050,OK,03/05/2026 18:26:22
CMN,4049,OK,03/05/2026 18:26:22
CMN,4048,OK,03/05/2026 18:26:22
CMN,4047,OK,03/05/2026 18:26:22
CMN,4046,OK,03/05/2026 18:26:22
CMN,4045,OK,03/05/2026 18:26:22
CMN,4044,OK,03/05/2026 18:26:22
CMN,4043,OK,03/05/2026 18:26:22
CMN,4042,OK,03/05/2026 18:26:23
CMN,4041,OK,03/05/2026 18:26:23
CMN,4040,OK,03/05/2026 18:26:23
CMN,4039,OK,03/05/2026 18:26:23
CMN,4038,OK,03/05/2026 18:26:23
CMN,4037,OK,03/05/2026 18:26:23
CMN,4036,OK,03/05/2026 18:26:23
CMN,4035,OK,03/05/2026 18:26:23
CMN,4034,OK,03/05/2026 18:26:23
CMN,4033,OK,03/05/2026 18:26:23
CMN,4032,OK,03/05/2026 18:26:23
CMN,4031,OK,03/05/2026 18:26:23
CMN,4030,OK,03/05/2026 18:26:23
CMN,4029,OK,03/05/2026 18:26:23
CMN,4028,OK,03/05/2026 18:26:23
CMN,4027,OK,03/05/2026 18:26:23
CMN,4026,OK,03/05/2026 18:26:23
CMN,4025,OK,03/05/2026 18:26:23
CMN,4024,OK,03/05/2026 18:26:23
CMN,4023,OK,03/05/2026 18:26:23
CMN,4022,OK,03/05/2026 18:26:23
CMN,4021,OK,03/05/2026 18:26:23
CMN,4020,OK,03/05/2026 18:26:23
CMN,4019,OK,03/05/2026 18:26:23
CMN,4018,OK,03/05/2026 18:26:23
CMN,4017,OK,03/05/2026 18:26:23
CMN,4016,OK,03/05/2026 18:26:23
CMN,4015,OK,03/05/2026 18:26:23
CMN,4014,OK,03/05/2026 18:26:23
CMN,4013,OK,03/05/2026 18:26:23
CMN,4012,OK,03/05/2026 18:26:23
CMN,4011,OK,03/05/2026 18:26:23
CMN,4010,OK,03/05/2026 18:26:24
CMN,4009,OK,03/05/2026 18:26:24
CMN,4008,OK,03/05/2026 18:26:24
CMN,4007,OK,03/05/2026 18:26:24
CMN,4006,OK,03/05/2026 18:26:24
CMN,4005,OK,03/05/2026 18:26:24
CMN,4004,OK,03/05/2026 18:26:24
CMN,4003,OK,03/05/2026 18:26:24
CMN,4002,OK,03/05/2026 18:26:24
CMN,4001,OK,03/05/2026 18:26:24
CMN,4000,OK,03/05/2026 18:26:24
CMN,3999,OK,03/05/2026 18:26:24
CMN,3998,OK,03/05/2026 18:26:24
CMN,3997,OK,03/05/2026 18:26:24
CMN,3996,OK,03/05/2026 18:26:24
CMN,3995,OK,03/05/2026 18:26:24
CMN,3994,OK,03/05/2026 18:26:24
CMN,3993,OK,03/05/2026 18:26:24
CMN,3992,OK,03/05/2026 18:26:24
CMN,3991,OK,03/05/2026 18:26:24
CMN,3990,OK,03/05/2026 18:26:24
CMN,3989,OK,03/05/2026 18:26:24
CMN,3988,OK,03/05/2026 18:26:24
CMN,3987,OK,03/05/2026 18:26:24
CMN,3986,OK,03/05/2026 18:26:24
CMN,3985,OK,03/05/2026 18:26:24
CMN,3984,OK,03/05/2026 18:26:24
CMN,3983,OK,03/05/2026 18:26:24
CMN,3982,OK,03/05/2026 18:26:24
CMN,3981,OK,03/05/2026 18:26:24
CMN,3980,OK,03/05/2026 18:26:25
CMN,3979,OK,03/05/2026 18:26:25
CMN,3978,OK,03/05/2026 18:26:25
CMN,3977,OK,03/05/2026 18:26:25
CMN,3976,OK,03/05/2026 18:26:25
CMN,3975,OK,03/05/2026 18:26:25
CMN,3974,OK,03/05/2026 18:26:25
CMN,3973,OK,03/05/2026 18:26:25
CMN,3972,OK,03/05/2026 18:26:25
CMN,3971,OK,03/05/2026 18:26:25
CMN,3970,OK,03/05/2026 18:26:25
CMN,3969,OK,03/05/2026 18:26:25
CMN,3968,OK,03/05/2026 18:26:25
CMN,3967,OK,03/05/2026 18:26:25
CMN,3966,OK,03/05/2026 18:26:25
CMN,3965,OK,03/05/2026 18:26:25
CMN,3964,OK,03/05/2026 18:26:25
CMN,3963,OK,03/05/2026 18:26:25
CMN,3962,OK,03/05/2026 18:26:25
CMN,3961,OK,03/05/2026 18:26:25
CMN,3960,OK,03/05/2026 18:26:25
CMN,3959,OK,03/05/2026 18:26:25
CMN,3958,OK,03/05/2026 18:26:25
CMN,3957,OK,03/05/2026 18:26:25
CMN,3956,OK,03/05/2026 18:26:25
CMN,3955,OK,03/05/2026 18:26:25
CMN,3954,OK,03/05/2026 18:26:25
CMN,3953,OK,03/05/2026 18:26:25
CMN,3952,OK,03/05/2026 18:26:25
CMN,3951,OK,03/05/2026 18:26:25
CMN,3950,OK,03/05/2026 18:26:26
CMN,3949,OK,03/05/2026 18:26:26
CMN,3948,OK,03/05/2026 18:26:26
CMN,3947,OK,03/05/2026 18:26:26
CMN,3946,OK,03/05/2026 18:26:26
CMN,3945,OK,03/05/2026 18:26:26
CMN,3944,OK,03/05/2026 18:26:26
CMN,3943,OK,03/05/2026 18:26:26
CMN,3942,OK,03/05/2026 18:26:26
CMN,3941,OK,03/05/2026 18:26:26
CMN,3940,OK,03/05/2026 18:26:26
CMN,3939,OK,03/05/2026 18:26:26
CMN,3938,OK,03/05/2026 18:26:26
CMN,3937,OK,03/05/2026 18:26:26
CMN,3936,OK,03/05/2026 18:26:26
CMN,3935,OK,03/05/2026 18:26:26
CMN,3934,OK,03/05/2026 18:26:26
CMN,3933,OK,03/05/2026 18:26:26
CMN,3932,OK,03/05/2026 18:26:26
CMN,3931,OK,03/05/2026 18:26:26
CMN,3930,OK,03/05/2026 18:26:26
CMN,3929,OK,03/05/2026 18:26:26
CMN,3928,OK,03/05/2026 18:26:26
CMN,3927,OK,03/05/2026 18:26:26
CMN,3926,OK,03/05/2026 18:26:26
CMN,3925,OK,03/05/2026 18:26:26
CMN,3924,OK,03/05/2026 18:26:26
CMN,3923,OK,03/05/2026 18:26:26
CMN,3922,OK,03/05/2026 18:26:26
CMN,3921,OK,03/05/2026 18:26:26
CMN,3920,OK,03/05/2026 18:26:26
CMN,3919,OK,03/05/2026 18:26:27
CMN,3918,OK,03/05/2026 18:26:27
CMN,3917,OK,03/05/2026 18:26:27
CMN,3916,OK,03/05/2026 18:26:27
CMN,3915,OK,03/05/2026 18:26:27
CMN,3914,OK,03/05/2026 18:26:27
CMN,3913,OK,03/05/2026 18:26:27
CMN,3912,OK,03/05/2026 18:26:27
CMN,3911,OK,03/05/2026 18:26:27
CMN,3910,OK,03/05/2026 18:26:27
CMN,3909,OK,03/05/2026 18:26:27
CMN,3908,OK,03/05/2026 18:26:27
CMN,3907,OK,03/05/2026 18:26:27
CMN,3906,OK,03/05/2026 18:26:27
CMN,3905,OK,03/05/2026 18:26:27
CMN,3904,OK,03/05/2026 18:26:27
CMN,3903,OK,03/05/2026 18:26:27
CMN,3902,OK,03/05/2026 18:26:27
CMN,3901,OK,03/05/2026 18:26:27
CMN,3900,OK,03/05/2026 18:26:27
CMN,3899,OK,03/05/2026 18:26:27
CMN,3898,OK,03/05/2026 18:26:27
CMN,3897,OK,03/05/2026 18:26:27
CMN,3896,OK,03/05/2026 18:26:27
CMN,3895,OK,03/05/2026 18:26:27
CMN,3894,OK,03/05/2026 18:26:27
CMN,3893,OK,03/05/2026 18:26:27
CMN,3892,OK,03/05/2026 18:26:27
CMN,3891,OK,03/05/2026 18:26:27
CMN,3890,OK,03/05/2026 18:26:27
CMN,3889,OK,03/05/2026 18:26:27
CMN,3888,OK,03/05/2026 18:26:27
CMN,3887,OK,03/05/2026 18:26:28
CMN,3886,OK,03/05/2026 18:26:28
CMN,3885,OK,03/05/2026 18:26:28
CMN,3884,OK,03/05/2026 18:26:28
CMN,3883,OK,03/05/2026 18:26:28
CMN,3882,OK,03/05/2026 18:26:28
CMN,3881,OK,03/05/2026 18:26:28
CMN,3880,OK,03/05/2026 18:26:28
CMN,3879,OK,03/05/2026 18:26:28
CMN,3878,OK,03/05/2026 18:26:28
CMN,3877,OK,03/05/2026 18:26:28
CMN,3876,OK,03/05/2026 18:26:28
CMN,3875,OK,03/05/2026 18:26:28
CMN,3874,OK,03/05/2026 18:26:28
CMN,3873,OK,03/05/2026 18:26:28
CMN,3872,OK,03/05/2026 18:26:28
CMN,3871,OK,03/05/2026 18:26:28
CMN,3870,OK,03/05/2026 18:26:28
CMN,3869,OK,03/05/2026 18:26:28
CMN,3868,OK,03/05/2026 18:26:28
CMN,3867,OK,03/05/2026 18:26:28
CMN,3866,OK,03/05/2026 18:26:28
CMN,3865,OK,03/05/2026 18:26:28
CMN,3864,OK,03/05/2026 18:26:28
CMN,3863,OK,03/05/2026 18:26:28
CMN,3862,OK,03/05/2026 18:26:28
CMN,3861,OK,03/05/2026 18:26:28
CMN,3860,OK,03/05/2026 18:26:28
CMN,3859,OK,03/05/2026 18:26:28
CMN,3858,OK,03/05/2026 18:26:28
CMN,3857,OK,03/05/2026 18:26:28
CMN,3856,OK,03/05/2026 18:26:28
CMN,3855,OK,03/05/2026 18:26:29
CMN,3854,OK,03/05/2026 18:26:29
CMN,3853,OK,03/05/2026 18:26:29
CMN,3852,OK,03/05/2026 18:26:29
CMN,3851,OK,03/05/2026 18:26:29
CMN,3850,OK,03/05/2026 18:26:29
CMN,3849,OK,03/05/2026 18:26:29
CMN,3848,OK,03/05/2026 18:26:29
CMN,3847,OK,03/05/2026 18:26:29
CMN,3846,OK,03/05/2026 18:26:29
CMN,3845,OK,03/05/2026 18:26:29
CMN,3844,OK,03/05/2026 18:26:29
CMN,3843,OK,03/05/2026 18:26:29
CMN,3842,OK,03/05/2026 18:26:29
CMN,3841,OK,03/05/2026 18:26:29
CMN,3840,OK,03/05/2026 18:26:29
CMN,3839,OK,03/05/2026 18:26:29
CMN,3838,OK,03/05/2026 18:26:29
CMN,3837,OK,03/05/2026 18:26:29
CMN,3836,OK,03/05/2026 18:26:29
CMN,3835,OK,03/05/2026 18:26:29
CMN,3834,OK,03/05/2026 18:26:29
CMN,3833,OK,03/05/2026 18:26:29
CMN,3832,OK,03/05/2026 18:26:29
CMN,3831,OK,03/05/2026 18:26:29
CMN,3830,OK,03/05/2026 18:26:29
CMN,3829,OK,03/05/2026 18:26:29
CMN,3828,OK,03/05/2026 18:26:29
CMN,3827,OK,03/05/2026 18:26:29
CMN,3826,OK,03/05/2026 18:26:29
CMN,3825,OK,03/05/2026 18:26:29
CMN,3824,OK,03/05/2026 18:26:29
CMN,3823,OK,03/05/2026 18:26:30
CMN,3822,OK,03/05/2026 18:26:30
CMN,3821,OK,03/05/2026 18:26:30
CMN,3820,OK,03/05/2026 18:26:30
CMN,3819,OK,03/05/2026 18:26:30
CMN,3818,OK,03/05/2026 18:26:30
CMN,3817,OK,03/05/2026 18:26:30
CMN,3816,OK,03/05/2026 18:26:30
CMN,3815,OK,03/05/2026 18:26:30
CMN,3814,OK,03/05/2026 18:26:30
CMN,3813,OK,03/05/2026 18:26:30
CMN,3812,OK,03/05/2026 18:26:30
CMN,3811,OK,03/05/2026 18:26:30
CMN,3810,OK,03/05/2026 18:26:30
CMN,3809,OK,03/05/2026 18:26:30
CMN,3808,OK,03/05/2026 18:26:30
CMN,3807,OK,03/05/2026 18:26:30
CMN,3806,OK,03/05/2026 18:26:30
CMN,3805,OK,03/05/2026 18:26:30
CMN,3804,OK,03/05/2026 18:26:30
CMN,3803,OK,03/05/2026 18:26:30
CMN,3802,OK,03/05/2026 18:26:30
CMN,3801,OK,03/05/2026 18:26:30
CMN,3800,OK,03/05/2026 18:26:30
CMN,3799,OK,03/05/2026 18:26:30
CMN,3798,OK,03/05/2026 18:26:30
CMN,3797,OK,03/05/2026 18:26:30
CMN,3796,OK,03/05/2026 18:26:30
CMN,3795,OK,03/05/2026 18:26:30
CMN,3794,OK,03/05/2026 18:26:30
CMN,3793,OK,03/05/2026 18:26:30
CMN,3792,OK,03/05/2026 18:26:31
CMN,3791,OK,03/05/2026 18:26:31
CMN,3790,OK,03/05/2026 18:26:31
CMN,3789,OK,03/05/2026 18:26:31
CMN,3788,OK,03/05/2026 18:26:31
CMN,3787,OK,03/05/2026 18:26:31
CMN,3786,OK,03/05/2026 18:26:31
CMN,3785,OK,03/05/2026 18:26:31
CMN,3784,OK,03/05/2026 18:26:31
CMN,3783,OK,03/05/2026 18:26:31
CMN,3782,OK,03/05/2026 18:26:31
CMN,3781,OK,03/05/2026 18:26:31
CMN,3780,OK,03/05/2026 18:26:31
CMN,3779,OK,03/05/2026 18:26:31
CMN,3778,OK,03/05/2026 18:26:31
CMN,3777,OK,03/05/2026 18:26:31
CMN,3776,OK,03/05/2026 18:26:31
CMN,3775,OK,03/05/2026 18:26:31
CMN,3774,OK,03/05/2026 18:26:31
CMN,3773,OK,03/05/2026 18:26:31
CMN,3772,OK,03/05/2026 18:26:31
CMN,3771,OK,03/05/2026 18:26:31
CMN,3770,OK,03/05/2026 18:26:31
CMN,3769,OK,03/05/2026 18:26:31
CMN,3768,OK,03/05/2026 18:26:31
CMN,3767,OK,03/05/2026 18:26:31
CMN,3766,OK,03/05/2026 18:26:31
CMN,3765,OK,03/05/2026 18:26:31
CMN,3764,OK,03/05/2026 18:26:31
CMN,3763,OK,03/05/2026 18:26:31
CMN,3762,OK,03/05/2026 18:26:31
CMN,3761,OK,03/05/2026 18:26:32
CMN,3760,OK,03/05/2026 18:26:32
CMN,3759,OK,03/05/2026 18:26:32
CMN,3758,OK,03/05/2026 18:26:32
CMN,3757,OK,03/05/2026 18:26:32
CMN,3756,OK,03/05/2026 18:26:32
CMN,3755,OK,03/05/2026 18:26:32
CMN,3754,OK,03/05/2026 18:26:32
CMN,3753,OK,03/05/2026 18:26:32
CMN,3752,OK,03/05/2026 18:26:32
CMN,3751,OK,03/05/2026 18:26:32
CMN,3750,OK,03/05/2026 18:26:32
CMN,3749,OK,03/05/2026 18:26:32
CMN,3748,OK,03/05/2026 18:26:32
CMN,3747,OK,03/05/2026 18:26:32
CMN,3746,OK,03/05/2026 18:26:32
CMN,3745,OK,03/05/2026 18:26:32
CMN,3744,OK,03/05/2026 18:26:32
CMN,3743,OK,03/05/2026 18:26:32
CMN,3742,OK,03/05/2026 18:26:32
CMN,3741,OK,03/05/2026 18:26:32
CART_CIRCULAR,4076,OK,03/05/2026 15:27:35
CART_CIRCULAR,4075,OK,03/05/2026 15:27:35
CART_CIRCULAR,4074,OK,03/05/2026 15:27:35
CART_CIRCULAR,4073,OK,03/05/2026 15:27:35
CART_CIRCULAR,4072,OK,03/05/2026 15:27:35
CART_CIRCULAR,4071,OK,03/05/2026 15:27:35
CART_CIRCULAR,4070,OK,03/05/2026 15:27:35
CART_CIRCULAR,4069,OK,03/05/2026 15:27:35
CART_CIRCULAR,4068,OK,03/05/2026 15:27:35
CART_CIRCULAR,4067,OK,03/05/2026 15:27:35
CART_CIRCULAR,4066,OK,03/05/2026 15:27:36
CART_CIRCULAR,4065,OK,03/05/2026 15:27:36
CART_CIRCULAR,4064,OK,03/05/2026 15:27:36
CART_CIRCULAR,4063,OK,03/05/2026 15:27:36
CART_CIRCULAR,4062,OK,03/05/2026 15:27:36
CART_CIRCULAR,4061,OK,03/05/2026 15:27:36
CART_CIRCULAR,4060,OK,03/05/2026 15:27:36
CART_CIRCULAR,4059,OK,03/05/2026 15:27:36
CART_CIRCULAR,4058,OK,03/05/2026 15:27:36
CART_CIRCULAR,4057,OK,03/05/2026 15:27:36
CART_CIRCULAR,4056,OK,03/05/2026 15:27:36
CART_CIRCULAR,4055,OK,03/05/2026 15:27:36
CART_CIRCULAR,4054,OK,03/05/2026 15:27:36
CART_CIRCULAR,4053,OK,03/05/2026 15:27:36
CART_CIRCULAR,4052,OK,03/05/2026 15:27:36
CART_CIRCULAR,4051,OK,03/05/2026 15:27:36
CART_CIRCULAR,4050,OK,03/05/2026 15:27:36
CART_CIRCULAR,4049,OK,03/05/2026 15:27:36
CART_CIRCULAR,4048,OK,03/05/2026 15:27:36
CART_CIRCULAR,4047,OK,03/05/2026 15:27:36
CART_CIRCULAR,4046,OK,03/05/2026 15:27:36
CART_CIRCULAR,4045,OK,03/05/2026 15:27:36
CART_CIRCULAR,4044,OK,03/05/2026 15:27:36
CART_CIRCULAR,4043,OK,03/05/2026 15:27:36
CART_CIRCULAR,4042,OK,03/05/2026 15:27:36
CART_CIRCULAR,4041,OK,03/05/2026 15:27:36
CART_CIRCULAR,4040,OK,03/05/2026 15:27:36
CART_CIRCULAR,4039,OK,03/05/2026 15:27:36
CART_CIRCULAR,4038,OK,03/05/2026 15:27:36
CART_CIRCULAR,4037,OK,03/05/2026 15:27:36
CART_CIRCULAR,4036,OK,03/05/2026 15:27:36
CART_CIRCULAR,4035,OK,03/05/2026 15:27:36
CART_CIRCULAR,4034,OK,03/05/2026 15:27:36
CART_CIRCULAR,4033,OK,03/05/2026 15:27:36
CART_CIRCULAR,4032,OK,03/05/2026 15:27:36
CART_CIRCULAR,4031,OK,03/05/2026 15:27:36
CART_CIRCULAR,4030,OK,03/05/2026 15:27:37
CART_CIRCULAR,4029,OK,03/05/2026 15:27:37
CART_CIRCULAR,4028,OK,03/05/2026 15:27:37
CART_CIRCULAR,4027,OK,03/05/2026 15:27:37
CART_CIRCULAR,4026,OK,03/05/2026 15:27:37
CIRCULAR,4038,OK,03/05/2026 17:34:54
CIRCULAR,4037,OK,03/05/2026 17:34:54
CIRCULAR,4036,OK,03/05/2026 17:34:54
CIRCULAR,4035,OK,03/05/2026 17:34:54
CIRCULAR,4034,OK,03/05/2026 17:34:54
CIRCULAR,4033,OK,03/05/2026 17:34:54
CIRCULAR,4032,OK,03/05/2026 17:34:54
CIRCULAR,4031,OK,03/05/2026 17:34:54
CIRCULAR,4030,OK,03/05/2026 17:34:54
CIRCULAR,4029,OK,03/05/2026 17:34:54
CIRCULAR,4028,OK,03/05/2026 17:34:55
CIRCULAR,4027,OK,03/05/2026 17:34:55
CIRCULAR,4026,OK,03/05/2026 17:34:55
CIRCULAR,4025,OK,03/05/2026 17:34:55
CIRCULAR,4024,OK,03/05/2026 17:34:55
CIRCULAR,4023,OK,03/05/2026 17:34:55
CIRCULAR,4022,OK,03/05/2026 17:34:55
CIRCULAR,4021,OK,03/05/2026 17:34:55
CIRCULAR,4020,OK,03/05/2026 17:34:55
CIRCULAR,4019,OK,03/05/2026 17:34:55
CIRCULAR,4018,OK,03/05/2026 17:34:55
CIRCULAR,4017,OK,03/05/2026 17:34:55
CIRCULAR,4016,OK,03/05/2026 17:34:55
CIRCULAR,4015,OK,03/05/2026 17:34:55
CIRCULAR,4014,OK,03/05/2026 17:34:55
CIRCULAR,4013,OK,03/05/2026 17:34:55
CIRCULAR,4012,OK,03/05/2026 17:34:55
CIRCULAR,4011,OK,03/05/2026 17:34:55
CIRCULAR,4010,OK,03/05/2026 17:34:55
CIRCULAR,4009,OK,03/05/2026 17:34:55
CIRCULAR,4008,OK,03/05/2026 17:34:55
CIRCULAR,4007,OK,03/05/2026 17:34:55
CIRCULAR,4006,OK,03/05/2026 17:34:55
CIRCULAR,4005,OK,03/05/2026 17:34:55
CIRCULAR,4004,OK,03/05/2026 17:34:55
CIRCULAR,4003,OK,03/05/2026 17:34:55
CIRCULAR,4002,OK,03/05/2026 17:34:55
CIRCULAR,4001,OK,03/05/2026 17:34:55
CIRCULAR,4000,OK,03/05/2026 17:34:55
CIRCULAR,3999,OK,03/05/2026 17:34:55
CIRCULAR,3998,OK,03/05/2026 17:34:55
CIRCULAR,3997,OK,03/05/2026 17:34:55
CIRCULAR,3996,OK,03/05/2026 17:34:55
CIRCULAR,3995,OK,03/05/2026 17:34:56
CIRCULAR,3994,OK,03/05/2026 17:34:56
CIRCULAR,3993,OK,03/05/2026 17:34:56
CIRCULAR,3992,OK,03/05/2026 17:34:56
CIRCULAR,3991,OK,03/05/2026 17:34:56
CIRCULAR,3990,OK,03/05/2026 17:34:56
CIRCULAR,3989,OK,03/05/2026 17:34:56
CIRCULAR,3988,OK,03/05/2026 17:34:56
CIRCULAR,3987,OK,03/05/2026 17:34:56
CIRCULAR,3986,OK,03/05/2026 17:34:56
CIRCULAR,3985,OK,03/05/2026 17:34:56
CIRCULAR,3984,OK,03/05/2026 17:34:56
CIRCULAR,3983,OK,03/05/2026 17:34:56
CIRCULAR,3982,OK,03/05/2026 17:34:56
CIRCULAR,3981,OK,03/05/2026 17:34:56
CIRCULAR,3980,OK,03/05/2026 17:34:56
CIRCULAR,3979,OK,03/05/2026 17:34:56
CIRCULAR,3978,OK,03/05/2026 17:34:56
CIRCULAR,3977,OK,03/05/2026 17:34:56
CIRCULAR,3976,OK,03/05/2026 17:34:56
CIRCULAR,3975,OK,03/05/2026 17:34:56
CIRCULAR,3974,OK,03/05/2026 17:34:56
CIRCULAR,3973,OK,03/05/2026 17:34:56
CIRCULAR,3972,OK,03/05/2026 17:34:56
CIRCULAR,3971,OK,03/05/2026 17:34:56
CIRCULAR,3970,OK,03/05/2026 17:34:56
CIRCULAR,3969,OK,03/05/2026 17:34:56
CIRCULAR,3968,OK,03/05/2026 17:34:56
CIRCULAR,3967,OK,03/05/2026 17:34:56
CIRCULAR,3966,OK,03/05/2026 17:34:56
CIRCULAR,3965,OK,03/05/2026 17:34:56
CIRCULAR,3964,OK,03/05/2026 17:34:56
CIRCULAR,3963,OK,03/05/2026 17:34:56
CIRCULAR,3962,OK,03/05/2026 17:34:56
CIRCULAR,3961,OK,03/05/2026 17:34:57
CIRCULAR,3960,OK,03/05/2026 17:34:57
CIRCULAR,3959,OK,03/05/2026 17:34:57
CIRCULAR,3958,OK,03/05/2026 17:34:57
CIRCULAR,3957,OK,03/05/2026 17:34:57
CIRCULAR,3956,OK,03/05/2026 17:34:57
CIRCULAR,3955,OK,03/05/2026 17:34:57
CIRCULAR,3954,OK,03/05/2026 17:34:57
CIRCULAR,3953,OK,03/05/2026 17:34:57
CIRCULAR,3952,OK,03/05/2026 17:34:57
CIRCULAR,3951,OK,03/05/2026 17:34:57
CIRCULAR,3950,OK,03/05/2026 17:34:57
CIRCULAR,3949,OK,03/05/2026 17:34:57
CIRCULAR,3948,OK,03/05/2026 17:34:57
CIRCULAR,3947,OK,03/05/2026 17:34:57
CIRCULAR,3946,OK,03/05/2026 17:34:57
CIRCULAR,3945,OK,03/05/2026 17:34:57
CIRCULAR,3944,OK,03/05/2026 17:34:57
CIRCULAR,3943,OK,03/05/2026 17:34:57
CIRCULAR,3942,OK,03/05/2026 17:34:57
CIRCULAR,3941,OK,03/05/2026 17:34:57
CIRCULAR,3940,OK,03/05/2026 17:34:57
CIRCULAR,3939,OK,03/05/2026 17:34:57
CIRCULAR,3938,OK,03/05/2026 17:34:57
CIRCULAR,3937,OK,03/05/2026 17:34:57
CIRCULAR,3936,OK,03/05/2026 17:34:57
CIRCULAR,3935,OK,03/05/2026 17:34:57
CIRCULAR,3934,OK,03/05/2026 17:34:57
CIRCULAR,3933,OK,03/05/2026 17:34:57
CIRCULAR,3932,OK,03/05/2026 17:34:57
CIRCULAR,3931,OK,03/05/2026 17:34:57
CIRCULAR,3930,OK,03/05/2026 17:34:57
CIRCULAR,3929,OK,03/05/2026 17:34:57
CIRCULAR,3928,OK,03/05/2026 17:34:58
CIRCULAR,3927,OK,03/05/2026 17:34:58
CIRCULAR,3926,OK,03/05/2026 17:34:58
CIRCULAR,3925,OK,03/05/2026 17:34:58
CIRCULAR,3924,OK,03/05/2026 17:34:58
CIRCULAR,3923,OK,03/05/2026 17:34:58
CIRCULAR,3922,OK,03/05/2026 17:34:58
CIRCULAR,3921,OK,03/05/2026 17:34:58
CIRCULAR,3920,OK,03/05/2026 17:34:58
CIRCULAR,3919,OK,03/05/2026 17:34:58
CART_CIRCULAR,4025,OK,03/05/2026 15:27:44
CART_CIRCULAR,4024,OK,03/05/2026 15:27:52
CART_CIRCULAR,4023,OK,03/05/2026 15:28:00
CART_CIRCULAR,4022,OK,03/05/2026 15:28:06
CART_CIRCULAR,4021,OK,03/05/2026 15:28:17
CART_CIRCULAR,4020,OK,03/05/2026 15:28:26
CART_CIRCULAR,4019,OK,03/05/2026 15:28:33
CART_CIRCULAR,4018,OK,03/05/2026 15:28:39
CART_CIRCULAR,4017,OK,03/05/2026 15:28:46
CART_CIRCULAR,4016,OK,03/05/2026 15:28:53
CART_CIRCULAR,4015,OK,03/05/2026 15:28:59
CART_CIRCULAR,4014,OK,03/05/2026 15:29:05
CART_CIRCULAR,4013,OK,03/05/2026 15:29:11
CART_CIRCULAR,4012,OK,03/05/2026 15:29:18
CART_CIRCULAR,4011,OK,03/05/2026 15:29:25
CART_CIRCULAR,4010,OK,03/05/2026 15:29:32
CART_CIRCULAR,4009,OK,03/05/2026 15:29:39
CART_CIRCULAR,4008,OK,03/05/2026 15:29:46
CART_CIRCULAR,4007,OK,03/05/2026 15:29:53
CART_CIRCULAR,4006,OK,03/05/2026 15:30:00
CART_CIRCULAR,4005,OK,03/05/2026 15:30:20
CART_CIRCULAR,4004,OK,03/05/2026 15:30:28
CART_CIRCULAR,4003,OK,03/05/2026 15:30:35
CART_CIRCULAR,4002,OK,03/05/2026 15:30:43
CART_CIRCULAR,4001,OK,03/05/2026 15:30:49
CART_CIRCULAR,4000,OK,03/05/2026 15:30:57
CART_CIRCULAR,3999,OK,03/05/2026 15:31:04
CART_CIRCULAR,3998,OK,03/05/2026 15:31:10
CART_CIRCULAR,3997,OK,03/05/2026 15:31:17
CART_CIRCULAR,3996,OK,03/05/2026 15:31:24
CART_CIRCULAR,3995,OK,03/05/2026 15:31:31
CART_CIRCULAR,3994,OK,03/05/2026 15:31:37
CART_CIRCULAR,3993,OK,03/05/2026 15:31:44
CART_CIRCULAR,3992,OK,03/05/2026 15:31:52
CART_CIRCULAR,3991,OK,03/05/2026 15:31:58
CART_CIRCULAR,3990,OK,03/05/2026 15:32:05
CART_CIRCULAR,3989,OK,03/05/2026 15:32:12
CART_CIRCULAR,3988,OK,03/05/2026 15:32:19
CART_CIRCULAR,3987,OK,03/05/2026 15:32:26
CART_CIRCULAR,3986,OK,03/05/2026 15:32:32
CART_CIRCULAR,3985,OK,03/05/2026 15:32:52
CART_CIRCULAR,3984,OK,03/05/2026 15:33:00
CART_CIRCULAR,3983,OK,03/05/2026 15:33:08
CART_CIRCULAR,3982,OK,03/05/2026 15:33:16
CART_CIRCULAR,3981,OK,03/05/2026 15:33:24
CART_CIRCULAR,3980,OK,03/05/2026 15:33:30
CART_CIRCULAR,3979,OK,03/05/2026 15:33:38
CART_CIRCULAR,3978,OK,03/05/2026 15:33:44
CART_CIRCULAR,3977,OK,03/05/2026 15:33:52
CART_CIRCULAR,3976,OK,03/05/2026 15:33:59
CART_CIRCULAR,3975,OK,03/05/2026 15:34:06
CART_CIRCULAR,3974,OK,03/05/2026 15:34:13
CART_CIRCULAR,3973,OK,03/05/2026 15:34:20
CART_CIRCULAR,3972,OK,03/05/2026 15:34:26
CART_CIRCULAR,3971,OK,03/05/2026 15:34:33
CART_CIRCULAR,3970,OK,03/05/2026 15:34:39
CART_CIRCULAR,3969,OK,03/05/2026 15:34:46
CART_CIRCULAR,3968,OK,03/05/2026 15:34:53
CART_CIRCULAR,3967,OK,03/05/2026 15:34:59
CART_CIRCULAR,3966,OK,03/05/2026 15:35:06
CART_CIRCULAR,3965,OK,03/05/2026 15:35:26
CART_CIRCULAR,3964,OK,03/05/2026 15:35:34
CART_CIRCULAR,3963,OK,03/05/2026 15:35:42
CART_CIRCULAR,3962,OK,03/05/2026 15:35:49
CART_CIRCULAR,3961,OK,03/05/2026 15:35:56
CART_CIRCULAR,3960,OK,03/05/2026 15:36:04
CART_CIRCULAR,3959,OK,03/05/2026 15:36:11
CART_CIRCULAR,3958,OK,03/05/2026 15:36:18
CART_CIRCULAR,3957,OK,03/05/2026 15:36:25
CART_CIRCULAR,3956,OK,03/05/2026 15:36:31
CART_CIRCULAR,3955,OK,03/05/2026 15:36:38
CART_CIRCULAR,3954,OK,03/05/2026 15:36:45
CART_CIRCULAR,3953,OK,03/05/2026 15:36:51
CART_CIRCULAR,3952,OK,03/05/2026 15:36:59
CART_CIRCULAR,3951,OK,03/05/2026 15:37:06
CART_CIRCULAR,3950,OK,03/05/2026 15:37:13
CART_CIRCULAR,3949,OK,03/05/2026 15:37:20
CART_CIRCULAR,3948,OK,03/05/2026 15:37:27
CART_CIRCULAR,3947,OK,03/05/2026 15:37:34
CART_CIRCULAR,3946,OK,03/05/2026 15:37:41
CART_CIRCULAR,3945,OK,03/05/2026 15:38:02
CART_CIRCULAR,3944,OK,03/05/2026 15:38:10
CART_CIRCULAR,3943,OK,03/05/2026 15:38:18
CART_CIRCULAR,3942,OK,03/05/2026 15:38:26
CART_CIRCULAR,3941,OK,03/05/2026 15:38:32
CART_CIRCULAR,3940,OK,03/05/2026 15:38:38
CART_CIRCULAR,3939,OK,03/05/2026 15:38:44
CART_CIRCULAR,3938,OK,03/05/2026 15:38:50
CART_CIRCULAR,3937,OK,03/05/2026 15:38:57
CART_CIRCULAR,3936,OK,03/05/2026 15:39:04
CART_CIRCULAR,3935,OK,03/05/2026 15:39:10
CART_CIRCULAR,3934,OK,03/05/2026 15:39:17
CART_CIRCULAR,3933,OK,03/05/2026 15:39:24
CART_CIRCULAR,3932,OK,03/05/2026 15:39:31
CART_CIRCULAR,3931,OK,03/05/2026 15:39:38
CART_CIRCULAR,3930,OK,03/05/2026 15:39:45
CART_CIRCULAR,3929,OK,03/05/2026 15:39:52
CART_CIRCULAR,3928,OK,03/05/2026 15:39:59
CART_CIRCULAR,3927,OK,03/05/2026 15:40:05
CART_CIRCULAR,3926,OK,03/05/2026 15:40:12
CART_CIRCULAR,3925,OK,03/05/2026 15:40:32
CART_CIRCULAR,3924,OK,03/05/2026 15:40:39
CART_CIRCULAR,3923,OK,03/05/2026 15:40:46
CART_CIRCULAR,3922,OK,03/05/2026 15:40:54
CART_CIRCULAR,3921,OK,03/05/2026 15:41:00
CART_CIRCULAR,3920,OK,03/05/2026 15:41:08
CART_CIRCULAR,3919,OK,03/05/2026 15:41:15
CART_CIRCULAR,3918,OK,03/05/2026 15:41:21
CART_CIRCULAR,3917,OK,03/05/2026 15:41:28
CART_CIRCULAR,3916,OK,03/05/2026 15:41:35
CART_CIRCULAR,3915,OK,03/05/2026 15:41:42
CART_CIRCULAR,3914,OK,03/05/2026 15:41:48
CART_CIRCULAR,3913,OK,03/05/2026 15:41:56
CART_CIRCULAR,3912,OK,03/05/2026 15:42:03
CART_CIRCULAR,3911,OK,03/05/2026 15:42:10
CART_CIRCULAR,3910,OK,03/05/2026 15:42:17
CART_CIRCULAR,3909,OK,03/05/2026 15:42:24
CART_CIRCULAR,3908,OK,03/05/2026 15:42:31
CART_CIRCULAR,3907,OK,03/05/2026 15:42:38
CART_CIRCULAR,3906,OK,03/05/2026 15:42:45
CART_CIRCULAR,3905,OK,03/05/2026 15:43:07
CART_CIRCULAR,3904,OK,03/05/2026 15:43:28
CART_CIRCULAR,3903,OK,03/05/2026 15:43:49
CART_CIRCULAR,3902,OK,03/05/2026 15:43:57
CART_CIRCULAR,3901,OK,03/05/2026 15:44:04
CART_CIRCULAR,3900,OK,03/05/2026 15:44:10
CART_CIRCULAR,3899,OK,03/05/2026 15:44:17
CART_CIRCULAR,3898,OK,03/05/2026 15:44:24
CART_CIRCULAR,3897,OK,03/05/2026 15:44:31
CART_CIRCULAR,3896,OK,03/05/2026 15:44:38
CART_CIRCULAR,3895,OK,03/05/2026 15:44:45
CART_CIRCULAR,3894,OK,03/05/2026 15:44:52
CART_CIRCULAR,3893,OK,03/05/2026 15:44:58
CART_CIRCULAR,3892,OK,03/05/2026 15:45:05
CART_CIRCULAR,3891,OK,03/05/2026 15:45:12
CART_CIRCULAR,3890,OK,03/05/2026 15:45:19
CART_CIRCULAR,3889,OK,03/05/2026 15:45:25
CART_CIRCULAR,3888,OK,03/05/2026 15:45:32
CART_CIRCULAR,3887,OK,03/05/2026 15:45:38
CART_CIRCULAR,3886,OK,03/05/2026 15:45:45
CART_CIRCULAR,3885,OK,03/05/2026 15:46:06
CART_CIRCULAR,3884,OK,03/05/2026 15:46:15
CART_CIRCULAR,3883,OK,03/05/2026 15:46:22
CART_CIRCULAR,3882,OK,03/05/2026 15:46:29
CART_CIRCULAR,3881,OK,03/05/2026 15:46:36
CART_CIRCULAR,3880,OK,03/05/2026 15:46:44
CART_CIRCULAR,3879,OK,03/05/2026 15:46:51
CART_CIRCULAR,3878,OK,03/05/2026 15:46:57
CART_CIRCULAR,3877,OK,03/05/2026 15:47:04
CART_CIRCULAR,3876,OK,03/05/2026 15:47:11
CART_CIRCULAR,3875,OK,03/05/2026 15:47:18
CART_CIRCULAR,3874,OK,03/05/2026 15:47:24
CART_CIRCULAR,3873,OK,03/05/2026 15:47:31
CART_CIRCULAR,3872,OK,03/05/2026 15:47:39
CART_CIRCULAR,3871,OK,03/05/2026 15:47:46
CART_CIRCULAR,3870,OK,03/05/2026 15:47:53
CART_CIRCULAR,3869,OK,03/05/2026 15:48:00
CART_CIRCULAR,3868,OK,03/05/2026 15:48:08
CART_CIRCULAR,3867,OK,03/05/2026 15:48:15
CART_CIRCULAR,3866,OK,03/05/2026 15:48:22
CART_CIRCULAR,3865,OK,03/05/2026 15:48:42
CART_CIRCULAR,3864,OK,03/05/2026 15:48:49
CART_CIRCULAR,3863,OK,03/05/2026 15:48:56
CART_CIRCULAR,3862,OK,03/05/2026 15:49:03
CART_CIRCULAR,3861,OK,03/05/2026 15:49:10
CART_CIRCULAR,3860,OK,03/05/2026 15:49:17
CART_CIRCULAR,3859,OK,03/05/2026 15:49:25
CART_CIRCULAR,3858,OK,03/05/2026 15:49:32
CART_CIRCULAR,3857,OK,03/05/2026 15:49:39
CART_CIRCULAR,3856,OK,03/05/2026 15:49:46
CART_CIRCULAR,3855,OK,03/05/2026 15:49:53
CART_CIRCULAR,3854,OK,03/05/2026 15:50:00
CART_CIRCULAR,3853,OK,03/05/2026 15:50:08
CART_CIRCULAR,3852,OK,03/05/2026 15:50:16
CART_CIRCULAR,3851,OK,03/05/2026 15:50:22
CART_CIRCULAR,3850,OK,03/05/2026 15:50:29
CART_CIRCULAR,3849,OK,03/05/2026 15:50:36
CART_CIRCULAR,3848,OK,03/05/2026 15:50:42
CART_CIRCULAR,3847,OK,03/05/2026 15:50:49
CART_CIRCULAR,3846,OK,03/05/2026 15:50:56
CART_CIRCULAR,3845,OK,03/05/2026 15:51:17
CART_CIRCULAR,3844,OK,03/05/2026 15:51:26
CART_CIRCULAR,3843,OK,03/05/2026 15:51:34
CART_CIRCULAR,3842,OK,03/05/2026 15:51:41
CART_CIRCULAR,3841,OK,03/05/2026 15:51:47
CART_CIRCULAR,3840,OK,03/05/2026 15:51:54
CART_CIRCULAR,3839,OK,03/05/2026 15:52:01
CART_CIRCULAR,3838,OK,03/05/2026 15:52:08
CART_CIRCULAR,3837,OK,03/05/2026 15:52:14
CART_CIRCULAR,3836,OK,03/05/2026 15:52:21
CART_CIRCULAR,3835,OK,03/05/2026 15:52:28
CART_CIRCULAR,3834,OK,03/05/2026 15:52:35
CART_CIRCULAR,3833,OK,03/05/2026 15:52:41
CART_CIRCULAR,3832,OK,03/05/2026 15:52:49
CART_CIRCULAR,3831,OK,03/05/2026 15:52:57
CART_CIRCULAR,3830,OK,03/05/2026 15:53:03
CART_CIRCULAR,3829,OK,03/05/2026 15:53:10
CART_CIRCULAR,3828,OK,03/05/2026 15:53:17
CART_CIRCULAR,3827,OK,03/05/2026 15:53:24
CART_CIRCULAR,3826,OK,03/05/2026 15:53:31
CART_CIRCULAR,3825,OK,03/05/2026 15:53:51
CART_CIRCULAR,3824,OK,03/05/2026 15:53:58
CART_CIRCULAR,3823,OK,03/05/2026 15:54:07
CART_CIRCULAR,3822,OK,03/05/2026 15:54:14
CART_CIRCULAR,3821,OK,03/05/2026 15:54:21
CART_CIRCULAR,3820,OK,03/05/2026 15:54:28
CART_CIRCULAR,3819,OK,03/05/2026 15:54:35
CART_CIRCULAR,3818,OK,03/05/2026 15:54:41
CART_CIRCULAR,3817,OK,03/05/2026 15:54:48
CART_CIRCULAR,3816,OK,03/05/2026 15:54:55
CART_CIRCULAR,3815,OK,03/05/2026 15:55:02
CART_CIRCULAR,3814,OK,03/05/2026 15:55:08
CART_CIRCULAR,3813,OK,03/05/2026 15:55:15
CART_CIRCULAR,3812,OK,03/05/2026 15:55:22
CART_CIRCULAR,3811,OK,03/05/2026 15:55:28
CART_CIRCULAR,3810,OK,03/05/2026 15:55:34
CART_CIRCULAR,3809,OK,03/05/2026 15:55:41
CART_CIRCULAR,3808,OK,03/05/2026 15:55:48
CART_CIRCULAR,3807,OK,03/05/2026 15:55:54
CART_CIRCULAR,3806,OK,03/05/2026 15:56:01
CART_CIRCULAR,3805,OK,03/05/2026 15:56:22
CART_CIRCULAR,3804,OK,03/05/2026 15:56:30
CART_CIRCULAR,3803,OK,03/05/2026 15:56:37
CART_CIRCULAR,3802,OK,03/05/2026 15:56:44
CART_CIRCULAR,3801,OK,03/05/2026 15:56:52
CART_CIRCULAR,3800,OK,03/05/2026 15:56:58
CART_CIRCULAR,3799,OK,03/05/2026 15:57:05
CART_CIRCULAR,3798,OK,03/05/2026 15:57:12
CART_CIRCULAR,3797,OK,03/05/2026 15:57:19
CART_CIRCULAR,3796,OK,03/05/2026 15:57:26
CART_CIRCULAR,3795,OK,03/05/2026 15:57:33
CART_CIRCULAR,3794,OK,03/05/2026 15:57:39
CART_CIRCULAR,3793,OK,03/05/2026 15:57:47
CART_CIRCULAR,3792,OK,03/05/2026 15:57:54
CART_CIRCULAR,3791,OK,03/05/2026 15:58:01
CART_CIRCULAR,3790,OK,03/05/2026 15:58:07
CART_CIRCULAR,3789,OK,03/05/2026 15:58:14
CART_CIRCULAR,3788,OK,03/05/2026 15:58:21
CART_CIRCULAR,3787,OK,03/05/2026 15:58:28
CART_CIRCULAR,3786,OK,03/05/2026 15:58:35
CART_CIRCULAR,3785,OK,03/05/2026 15:58:55
CART_CIRCULAR,3784,OK,03/05/2026 15:59:03
CART_CIRCULAR,3783,OK,03/05/2026 15:59:11
CART_CIRCULAR,3782,OK,03/05/2026 15:59:19
CART_CIRCULAR,3781,OK,03/05/2026 15:59:26
CART_CIRCULAR,3780,OK,03/05/2026 15:59:33
CART_CIRCULAR,3779,OK,03/05/2026 15:59:39
CART_CIRCULAR,3778,OK,03/05/2026 15:59:46
CART_CIRCULAR,3777,OK,03/05/2026 15:59:53
CART_CIRCULAR,3776,OK,03/05/2026 16:00:00
CART_CIRCULAR,3775,OK,03/05/2026 16:00:07
CART_CIRCULAR,3774,OK,03/05/2026 16:00:14
CART_CIRCULAR,3773,OK,03/05/2026 16:00:20
CART_CIRCULAR,3772,OK,03/05/2026 16:00:28
CART_CIRCULAR,3771,OK,03/05/2026 16:00:35
CART_CIRCULAR,3770,OK,03/05/2026 16:00:42
CART_CIRCULAR,3769,OK,03/05/2026 16:00:48
CART_CIRCULAR,3768,OK,03/05/2026 16:00:55
CART_CIRCULAR,3767,OK,03/05/2026 16:01:02
CART_CIRCULAR,3766,OK,03/05/2026 16:01:09
CART_CIRCULAR,3765,OK,03/05/2026 16:01:29
CART_CIRCULAR,3764,OK,03/05/2026 16:01:37
CART_CIRCULAR,3763,OK,03/05/2026 16:01:44
CART_CIRCULAR,3762,OK,03/05/2026 16:01:51
CART_CIRCULAR,3761,OK,03/05/2026 16:01:58
CART_CIRCULAR,3760,OK,03/05/2026 16:02:05
CART_CIRCULAR,3759,OK,03/05/2026 16:02:12
CART_CIRCULAR,3758,OK,03/05/2026 16:02:19
CART_CIRCULAR,3757,OK,03/05/2026 16:02:26
CART_CIRCULAR,3756,OK,03/05/2026 16:02:32
CART_CIRCULAR,3755,OK,03/05/2026 16:02:39
CART_CIRCULAR,3754,OK,03/05/2026 16:02:45
CART_CIRCULAR,3753,OK,03/05/2026 16:02:52
CART_CIRCULAR,3752,OK,03/05/2026 16:02:58
CART_CIRCULAR,3751,OK,03/05/2026 16:03:05
CART_CIRCULAR,3750,OK,03/05/2026 16:03:12
CART_CIRCULAR,3749,OK,03/05/2026 16:03:19
CART_CIRCULAR,3748,OK,03/05/2026 16:03:26
CART_CIRCULAR,3747,OK,03/05/2026 16:03:33
CART_CIRCULAR,3746,OK,03/05/2026 16:03:39
CART_CIRCULAR,3745,OK,03/05/2026 16:04:00
CART_CIRCULAR,3744,OK,03/05/2026 16:04:09
CART_CIRCULAR,3743,OK,03/05/2026 16:04:16
CART_CIRCULAR,3742,OK,03/05/2026 16:04:23
CART_CIRCULAR,3741,OK,03/05/2026 16:04:29
CART_CIRCULAR,3740,OK,03/05/2026 16:04:35
CART_CIRCULAR,3739,OK,03/05/2026 16:04:42
CART_CIRCULAR,3738,OK,03/05/2026 16:04:49
CART_CIRCULAR,3737,OK,03/05/2026 16:04:56
CART_CIRCULAR,3736,OK,03/05/2026 16:05:02
CART_CIRCULAR,3735,OK,03/05/2026 16:05:09
CART_CIRCULAR,3734,OK,03/05/2026 16:05:16
CART_CIRCULAR,3733,OK,03/05/2026 16:05:22
CART_CIRCULAR,3732,OK,03/05/2026 16:05:30
CART_CIRCULAR,3731,OK,03/05/2026 16:05:36
CART_CIRCULAR,3730,OK,03/05/2026 16:05:43
CART_CIRCULAR,3729,OK,03/05/2026 16:05:49
CART_CIRCULAR,3728,OK,03/05/2026 16:05:55
CART_CIRCULAR,3727,OK,03/05/2026 16:06:02
CART_CIRCULAR,3726,OK,03/05/2026 16:06:09
CART_CIRCULAR,3725,OK,03/05/2026 16:06:28
CART_CIRCULAR,3724,OK,03/05/2026 16:06:37
CART_CIRCULAR,3723,OK,03/05/2026 16:06:45
CART_CIRCULAR,3722,OK,03/05/2026 16:06:51
CART_CIRCULAR,3721,OK,03/05/2026 16:06:58
CART_CIRCULAR,3720,OK,03/05/2026 16:07:04
CART_CIRCULAR,3719,OK,03/05/2026 16:07:11
CART_CIRCULAR,3718,OK,03/05/2026 16:07:17
CART_CIRCULAR,3717,OK,03/05/2026 16:07:24
CART_CIRCULAR,3716,OK,03/05/2026 16:07:30
CART_CIRCULAR,3715,OK,03/05/2026 16:07:37
CART_CIRCULAR,3714,OK,03/05/2026 16:07:44
CART_CIRCULAR,3713,OK,03/05/2026 16:07:51
CART_CIRCULAR,3712,OK,03/05/2026 16:07:58
CART_CIRCULAR,3711,OK,03/05/2026 16:08:04
CART_CIRCULAR,3710,OK,03/05/2026 16:08:11
CART_CIRCULAR,3709,OK,03/05/2026 16:08:18
CART_CIRCULAR,3708,OK,03/05/2026 16:08:25
CART_CIRCULAR,3707,OK,03/05/2026 16:08:31
CART_CIRCULAR,3706,OK,03/05/2026 16:08:38
CART_CIRCULAR,3705,OK,03/05/2026 16:08:57
CART_CIRCULAR,3704,OK,03/05/2026 16:09:05
CART_CIRCULAR,3703,OK,03/05/2026 16:09:13
CART_CIRCULAR,3702,OK,03/05/2026 16:09:20
CART_CIRCULAR,3701,OK,03/05/2026 16:09:27
CART_CIRCULAR,3700,OK,03/05/2026 16:09:34
CART_CIRCULAR,3699,OK,03/05/2026 16:09:40
CART_CIRCULAR,3698,OK,03/05/2026 16:09:47
CART_CIRCULAR,3697,OK,03/05/2026 16:09:53
CART_CIRCULAR,3696,OK,03/05/2026 16:10:01
CART_CIRCULAR,3695,OK,03/05/2026 16:10:08
CART_CIRCULAR,3694,OK,03/05/2026 16:10:14
CART_CIRCULAR,3693,OK,03/05/2026 16:10:21
CART_CIRCULAR,3692,OK,03/05/2026 16:10:29
CART_CIRCULAR,3691,OK,03/05/2026 16:10:36
CART_CIRCULAR,3690,OK,03/05/2026 16:10:43
CART_CIRCULAR,3689,OK,03/05/2026 16:10:50
CART_CIRCULAR,3688,OK,03/05/2026 16:10:57
CART_CIRCULAR,3687,OK,03/05/2026 16:11:04
CART_CIRCULAR,3686,OK,03/05/2026 16:11:11
CART_CIRCULAR,3685,OK,03/05/2026 16:11:30
CART_CIRCULAR,3684,OK,03/05/2026 16:11:38
CART_CIRCULAR,3683,OK,03/05/2026 16:11:46
CART_CIRCULAR,3682,OK,03/05/2026 16:11:53
CART_CIRCULAR,3681,OK,03/05/2026 16:11:59
CART_CIRCULAR,3680,OK,03/05/2026 16:12:06
CART_CIRCULAR,3679,OK,03/05/2026 16:12:13
CART_CIRCULAR,3678,OK,03/05/2026 16:12:20
CART_CIRCULAR,3677,OK,03/05/2026 16:12:27
CART_CIRCULAR,3676,OK,03/05/2026 16:12:34
CART_CIRCULAR,3675,OK,03/05/2026 16:12:41
CART_CIRCULAR,3674,OK,03/05/2026 16:12:48
CART_CIRCULAR,3673,OK,03/05/2026 16:12:55
CART_CIRCULAR,3672,OK,03/05/2026 16:13:03
CART_CIRCULAR,3671,OK,03/05/2026 16:13:10
CART_CIRCULAR,3670,OK,03/05/2026 16:13:18
CART_CIRCULAR,3669,OK,03/05/2026 16:13:25
CART_CIRCULAR,3668,OK,03/05/2026 16:13:32
CART_CIRCULAR,3667,OK,03/05/2026 16:13:39
CART_CIRCULAR,3666,OK,03/05/2026 16:13:46
CART_CIRCULAR,3665,OK,03/05/2026 16:14:07
CART_CIRCULAR,3664,OK,03/05/2026 16:14:15
CART_CIRCULAR,3663,OK,03/05/2026 16:14:22
CART_CIRCULAR,3662,OK,03/05/2026 16:14:29
CART_CIRCULAR,3661,OK,03/05/2026 16:14:37
CART_CIRCULAR,3660,OK,03/05/2026 16:14:43
CART_CIRCULAR,3659,OK,03/05/2026 16:14:50
CART_CIRCULAR,3658,OK,03/05/2026 16:14:57
CART_CIRCULAR,3657,OK,03/05/2026 16:15:04
CART_CIRCULAR,3656,OK,03/05/2026 16:15:10
CART_CIRCULAR,3655,OK,03/05/2026 16:15:17
CART_CIRCULAR,3654,OK,03/05/2026 16:15:24
CART_CIRCULAR,3653,OK,03/05/2026 16:15:31
CART_CIRCULAR,3652,OK,03/05/2026 16:15:38
CART_CIRCULAR,3651,OK,03/05/2026 16:15:46
CART_CIRCULAR,3650,OK,03/05/2026 16:15:53
CART_CIRCULAR,3649,OK,03/05/2026 16:16:00
CART_CIRCULAR,3648,OK,03/05/2026 16:16:07
CART_CIRCULAR,3647,OK,03/05/2026 16:16:13
CART_CIRCULAR,3646,OK,03/05/2026 16:16:20
CART_CIRCULAR,3645,OK,03/05/2026 16:16:41
CART_CIRCULAR,3644,OK,03/05/2026 16:16:48
CART_CIRCULAR,3643,OK,03/05/2026 16:16:56
CART_CIRCULAR,3642,OK,03/05/2026 16:17:03
CART_CIRCULAR,3641,OK,03/05/2026 16:17:09
CART_CIRCULAR,3640,OK,03/05/2026 16:17:16
CART_CIRCULAR,3639,OK,03/05/2026 16:17:22
CART_CIRCULAR,3638,OK,03/05/2026 16:17:29
CART_CIRCULAR,3637,OK,03/05/2026 16:17:36
CART_CIRCULAR,3636,OK,03/05/2026 16:17:43
CART_CIRCULAR,3635,OK,03/05/2026 16:17:50
CART_CIRCULAR,3634,OK,03/05/2026 16:17:57
CART_CIRCULAR,3633,OK,03/05/2026 16:18:04
CART_CIRCULAR,3632,OK,03/05/2026 16:18:11
CART_CIRCULAR,3631,OK,03/05/2026 16:18:18
CART_CIRCULAR,3630,OK,03/05/2026 16:18:25
CART_CIRCULAR,3629,OK,03/05/2026 16:18:31
CART_CIRCULAR,3628,OK,03/05/2026 16:18:39
CART_CIRCULAR,3627,OK,03/05/2026 16:18:45
CART_CIRCULAR,3626,OK,03/05/2026 16:18:52
CART_CIRCULAR,3625,OK,03/05/2026 16:19:14
CART_CIRCULAR,3624,OK,03/05/2026 16:19:22
CART_CIRCULAR,3623,OK,03/05/2026 16:19:29
CART_CIRCULAR,3622,OK,03/05/2026 16:19:36
CART_CIRCULAR,3621,OK,03/05/2026 16:19:42
CART_CIRCULAR,3620,OK,03/05/2026 16:19:49
CART_CIRCULAR,3619,OK,03/05/2026 16:19:56
CART_CIRCULAR,3618,OK,03/05/2026 16:20:03
CART_CIRCULAR,3617,OK,03/05/2026 16:20:10
CART_CIRCULAR,3616,OK,03/05/2026 16:20:16
CART_CIRCULAR,3615,OK,03/05/2026 16:20:23
CART_CIRCULAR,3614,OK,03/05/2026 16:20:30
CART_CIRCULAR,3613,OK,03/05/2026 16:20:37
CART_CIRCULAR,3612,OK,03/05/2026 16:20:44
CART_CIRCULAR,3611,OK,03/05/2026 16:20:51
CART_CIRCULAR,3610,OK,03/05/2026 16:20:58
CART_CIRCULAR,3609,OK,03/05/2026 16:21:05
CART_CIRCULAR,3608,OK,03/05/2026 16:21:12
CART_CIRCULAR,3607,OK,03/05/2026 16:21:19
CART_CIRCULAR,3606,OK,03/05/2026 16:21:26
CART_CIRCULAR,3605,OK,03/05/2026 16:21:48
CART_CIRCULAR,3604,OK,03/05/2026 16:21:57
CART_CIRCULAR,3603,OK,03/05/2026 16:22:08
CART_CIRCULAR,3602,OK,03/05/2026 16:22:16
CART_CIRCULAR,3601,OK,03/05/2026 16:22:23
CART_CIRCULAR,3600,OK,03/05/2026 16:22:30
CART_CIRCULAR,3599,OK,03/05/2026 16:22:37
CART_CIRCULAR,3598,OK,03/05/2026 16:22:44
CART_CIRCULAR,3597,OK,03/05/2026 16:22:51
CART_CIRCULAR,3596,OK,03/05/2026 16:22:59
CART_CIRCULAR,3595,OK,03/05/2026 16:23:06
CART_CIRCULAR,3594,OK,03/05/2026 16:23:14
CART_CIRCULAR,3593,OK,03/05/2026 16:23:22
CART_CIRCULAR,3592,OK,03/05/2026 16:23:28
CART_CIRCULAR,3591,OK,03/05/2026 16:23:49
CART_CIRCULAR,3590,OK,03/05/2026 16:23:57
CART_CIRCULAR,3589,OK,03/05/2026 16:24:05
CART_CIRCULAR,3588,OK,03/05/2026 16:24:12
CART_CIRCULAR,3587,OK,03/05/2026 16:24:20
CART_CIRCULAR,3586,OK,03/05/2026 16:24:27
CART_CIRCULAR,3585,OK,03/05/2026 16:24:48
CART_CIRCULAR,3584,OK,03/05/2026 16:24:56
CART_CIRCULAR,3583,OK,03/05/2026 16:25:03
CART_CIRCULAR,3582,OK,03/05/2026 16:25:10
CART_CIRCULAR,3581,OK,03/05/2026 16:25:18
CART_CIRCULAR,3580,OK,03/05/2026 16:25:39
CART_CIRCULAR,3579,OK,03/05/2026 16:25:47
CART_CIRCULAR,3578,OK,03/05/2026 16:25:54
CART_CIRCULAR,3577,OK,03/05/2026 16:26:02
CART_CIRCULAR,3576,OK,03/05/2026 16:26:09
CART_CIRCULAR,3575,OK,03/05/2026 16:26:16
CART_CIRCULAR,3574,OK,03/05/2026 16:26:23
CART_CIRCULAR,3573,OK,03/05/2026 16:26:30
CART_CIRCULAR,3572,OK,03/05/2026 16:26:38
CART_CIRCULAR,3571,OK,03/05/2026 16:26:45
CART_CIRCULAR,3570,OK,03/05/2026 16:26:51
CART_CIRCULAR,3569,OK,03/05/2026 16:26:58
CART_CIRCULAR,3568,OK,03/05/2026 16:27:04
CART_CIRCULAR,3567,OK,03/05/2026 16:27:11
CART_CIRCULAR,3566,OK,03/05/2026 16:27:18
CART_CIRCULAR,3565,OK,03/05/2026 16:27:39
CART_CIRCULAR,3564,OK,03/05/2026 16:27:47
CART_CIRCULAR,3563,OK,03/05/2026 16:27:55
CART_CIRCULAR,3562,OK,03/05/2026 16:28:02
CART_CIRCULAR,3561,OK,03/05/2026 16:28:08
CART_CIRCULAR,3560,OK,03/05/2026 16:28:16
CART_CIRCULAR,3559,OK,03/05/2026 16:28:22
CART_CIRCULAR,3558,OK,03/05/2026 16:28:30
CART_CIRCULAR,3557,OK,03/05/2026 16:28:36
CART_CIRCULAR,3556,OK,03/05/2026 16:28:44
CART_CIRCULAR,3555,OK,03/05/2026 16:28:51
CART_CIRCULAR,3554,OK,03/05/2026 16:28:58
CART_CIRCULAR,3553,OK,03/05/2026 16:29:05
CART_CIRCULAR,3552,OK,03/05/2026 16:29:12
CART_CIRCULAR,3551,OK,03/05/2026 16:29:19
CART_CIRCULAR,3550,OK,03/05/2026 16:29:26
CART_CIRCULAR,3549,OK,03/05/2026 16:29:33
CART_CIRCULAR,3548,OK,03/05/2026 16:29:39
CART_CIRCULAR,3547,OK,03/05/2026 16:29:47
CART_CIRCULAR,3546,OK,03/05/2026 16:29:53
CART_CIRCULAR,3545,OK,03/05/2026 16:30:13
CART_CIRCULAR,3544,OK,03/05/2026 16:30:21
CART_CIRCULAR,3543,OK,03/05/2026 16:30:28
CART_CIRCULAR,3542,OK,03/05/2026 16:30:35
CART_CIRCULAR,3541,OK,03/05/2026 16:30:42
CART_CIRCULAR,3540,OK,03/05/2026 16:30:48
CART_CIRCULAR,3539,OK,03/05/2026 16:30:55
CART_CIRCULAR,3538,OK,03/05/2026 16:31:03
CART_CIRCULAR,3537,OK,03/05/2026 16:31:10
CART_CIRCULAR,3536,OK,03/05/2026 16:31:17
CART_CIRCULAR,3535,OK,03/05/2026 16:31:23
CART_CIRCULAR,3534,OK,03/05/2026 16:31:29
CART_CIRCULAR,3533,OK,03/05/2026 16:31:36
CART_CIRCULAR,3532,OK,03/05/2026 16:31:44
CART_CIRCULAR,3531,OK,03/05/2026 16:31:51
CART_CIRCULAR,3530,OK,03/05/2026 16:31:57
CART_CIRCULAR,3529,OK,03/05/2026 16:32:04
CART_CIRCULAR,3528,OK,03/05/2026 16:32:12
CART_CIRCULAR,3527,OK,03/05/2026 16:32:18
CART_CIRCULAR,3526,OK,03/05/2026 16:32:25
CART_CIRCULAR,3525,OK,03/05/2026 16:32:48
CART_CIRCULAR,3524,OK,03/05/2026 16:32:56
CART_CIRCULAR,3523,OK,03/05/2026 16:33:03
CART_CIRCULAR,3522,OK,03/05/2026 16:33:11
CART_CIRCULAR,3521,OK,03/05/2026 16:33:18
CART_CIRCULAR,3520,OK,03/05/2026 16:33:24
CART_CIRCULAR,3519,OK,03/05/2026 16:33:31
CART_CIRCULAR,3518,OK,03/05/2026 16:33:38
CART_CIRCULAR,3517,OK,03/05/2026 16:33:45
CART_CIRCULAR,3516,OK,03/05/2026 16:33:51
CART_CIRCULAR,3515,OK,03/05/2026 16:33:58
CART_CIRCULAR,3514,OK,03/05/2026 16:34:06
CART_CIRCULAR,3513,OK,03/05/2026 16:34:12
CART_CIRCULAR,3512,OK,03/05/2026 16:34:19
CART_CIRCULAR,3511,OK,03/05/2026 16:34:26
CART_CIRCULAR,3510,OK,03/05/2026 16:34:33
CART_CIRCULAR,3509,OK,03/05/2026 16:34:40
CART_CIRCULAR,3508,OK,03/05/2026 16:34:47
CART_CIRCULAR,3507,OK,03/05/2026 16:34:54
CART_CIRCULAR,3506,OK,03/05/2026 16:35:02
CART_CIRCULAR,3505,OK,03/05/2026 16:35:23
CART_CIRCULAR,3504,OK,03/05/2026 16:35:30
CART_CIRCULAR,3503,OK,03/05/2026 16:35:38
CART_CIRCULAR,3502,OK,03/05/2026 16:35:45
CART_CIRCULAR,3501,OK,03/05/2026 16:35:52
CART_CIRCULAR,3500,OK,03/05/2026 16:35:59
CART_CIRCULAR,3499,OK,03/05/2026 16:36:05
CART_CIRCULAR,3498,OK,03/05/2026 16:36:13
CART_CIRCULAR,3497,OK,03/05/2026 16:36:20
CART_CIRCULAR,3496,OK,03/05/2026 16:36:27
CART_CIRCULAR,3495,OK,03/05/2026 16:36:34
CART_CIRCULAR,3494,OK,03/05/2026 16:36:41
CART_CIRCULAR,3493,OK,03/05/2026 16:36:47
CART_CIRCULAR,3492,OK,03/05/2026 16:36:54
CART_CIRCULAR,3491,OK,03/05/2026 16:37:01
CART_CIRCULAR,3490,OK,03/05/2026 16:37:07
CART_CIRCULAR,3489,OK,03/05/2026 16:37:15
CART_CIRCULAR,3488,OK,03/05/2026 16:37:22
CART_CIRCULAR,3487,OK,03/05/2026 16:37:29
CART_CIRCULAR,3486,OK,03/05/2026 16:37:36
CART_CIRCULAR,3485,OK,03/05/2026 16:37:57
CART_CIRCULAR,3484,OK,03/05/2026 16:38:04
CART_CIRCULAR,3483,OK,03/05/2026 16:38:12
CART_CIRCULAR,3482,OK,03/05/2026 16:38:19
CART_CIRCULAR,3481,OK,03/05/2026 16:38:25
CART_CIRCULAR,3480,OK,03/05/2026 16:38:32
CART_CIRCULAR,3479,OK,03/05/2026 16:38:39
CART_CIRCULAR,3478,OK,03/05/2026 16:38:47
CART_CIRCULAR,3477,OK,03/05/2026 16:38:54
CART_CIRCULAR,3476,OK,03/05/2026 16:39:01
CART_CIRCULAR,3475,OK,03/05/2026 16:39:08
CART_CIRCULAR,3474,OK,03/05/2026 16:39:15
CART_CIRCULAR,3473,OK,03/05/2026 16:39:21
CART_CIRCULAR,3472,OK,03/05/2026 16:39:28
CART_CIRCULAR,3471,OK,03/05/2026 16:39:35
CART_CIRCULAR,3470,OK,03/05/2026 16:39:42
CART_CIRCULAR,3469,OK,03/05/2026 16:39:49
CART_CIRCULAR,3468,OK,03/05/2026 16:39:55
CART_CIRCULAR,3467,OK,03/05/2026 16:40:03
CART_CIRCULAR,3466,OK,03/05/2026 16:40:10
CART_CIRCULAR,3465,OK,03/05/2026 16:40:32
CART_CIRCULAR,3464,OK,03/05/2026 16:40:41
CART_CIRCULAR,3463,OK,03/05/2026 16:40:49
CART_CIRCULAR,3462,OK,03/05/2026 16:40:56
CART_CIRCULAR,3461,OK,03/05/2026 16:41:03
CART_CIRCULAR,3460,OK,03/05/2026 16:41:11
CART_CIRCULAR,3459,OK,03/05/2026 16:41:19
CART_CIRCULAR,3458,OK,03/05/2026 16:41:26
CART_CIRCULAR,3457,OK,03/05/2026 16:41:33
CART_CIRCULAR,3456,OK,03/05/2026 16:41:42
CART_CIRCULAR,3455,OK,03/05/2026 16:41:49
CART_CIRCULAR,3454,OK,03/05/2026 16:41:57
CART_CIRCULAR,3453,OK,03/05/2026 16:42:05
CART_CIRCULAR,3452,OK,03/05/2026 16:42:12
CART_CIRCULAR,3451,OK,03/05/2026 16:42:19
CART_CIRCULAR,3450,OK,03/05/2026 16:42:26
CART_CIRCULAR,3449,OK,03/05/2026 16:42:33
CART_CIRCULAR,3448,OK,03/05/2026 16:42:40
CART_CIRCULAR,3447,OK,03/05/2026 16:42:46
CART_CIRCULAR,3446,OK,03/05/2026 16:42:54
CART_CIRCULAR,3445,OK,03/05/2026 16:43:15
CART_CIRCULAR,3444,OK,03/05/2026 16:43:24
CART_CIRCULAR,3443,OK,03/05/2026 16:43:32
CART_CIRCULAR,3442,OK,03/05/2026 16:43:40
CART_CIRCULAR,3441,OK,03/05/2026 16:43:46
CART_CIRCULAR,3440,OK,03/05/2026 16:43:54
CART_CIRCULAR,3439,OK,03/05/2026 16:44:01
CART_CIRCULAR,3438,OK,03/05/2026 16:44:09
CART_CIRCULAR,3437,OK,03/05/2026 16:44:16
CART_CIRCULAR,3436,OK,03/05/2026 16:44:24
CART_CIRCULAR,3435,OK,03/05/2026 16:44:32
CART_CIRCULAR,3434,OK,03/05/2026 16:44:40
CART_CIRCULAR,3433,OK,03/05/2026 16:44:47
CART_CIRCULAR,3432,OK,03/05/2026 16:44:54
CART_CIRCULAR,3431,OK,03/05/2026 16:45:02
CART_CIRCULAR,3430,OK,03/05/2026 16:45:10
CART_CIRCULAR,3429,OK,03/05/2026 16:45:17
CART_CIRCULAR,3428,OK,03/05/2026 16:45:24
CART_CIRCULAR,3427,OK,03/05/2026 16:45:31
CART_CIRCULAR,3426,OK,03/05/2026 16:45:39
CART_CIRCULAR,3425,OK,03/05/2026 16:45:59
CART_CIRCULAR,3424,OK,03/05/2026 16:46:08
CART_CIRCULAR,3423,OK,03/05/2026 16:46:17
CART_CIRCULAR,3422,OK,03/05/2026 16:46:24
CART_CIRCULAR,3421,OK,03/05/2026 16:46:31
CART_CIRCULAR,3420,OK,03/05/2026 16:46:39
CART_CIRCULAR,3419,OK,03/05/2026 16:46:45
CART_CIRCULAR,3418,OK,03/05/2026 16:46:53
CART_CIRCULAR,3417,OK,03/05/2026 16:47:00
CART_CIRCULAR,3416,OK,03/05/2026 16:47:07
CART_CIRCULAR,3415,OK,03/05/2026 16:47:15
CART_CIRCULAR,3414,OK,03/05/2026 16:47:22
CART_CIRCULAR,3413,OK,03/05/2026 16:47:29
CART_CIRCULAR,3412,OK,03/05/2026 16:47:36
CART_CIRCULAR,3411,OK,03/05/2026 16:47:44
CART_CIRCULAR,3410,OK,03/05/2026 16:47:51
CART_CIRCULAR,3409,OK,03/05/2026 16:47:59
CART_CIRCULAR,3408,OK,03/05/2026 16:48:06
CART_CIRCULAR,3407,OK,03/05/2026 16:48:13
CART_CIRCULAR,3406,OK,03/05/2026 16:48:20
CART_CIRCULAR,3405,OK,03/05/2026 16:48:42
CART_CIRCULAR,3404,OK,03/05/2026 16:48:50
CART_CIRCULAR,3403,OK,03/05/2026 16:48:58
CART_CIRCULAR,3402,OK,03/05/2026 16:49:06
CART_CIRCULAR,3401,OK,03/05/2026 16:49:12
CART_CIRCULAR,3400,OK,03/05/2026 16:49:19
CART_CIRCULAR,3399,OK,03/05/2026 16:49:26
CART_CIRCULAR,3398,OK,03/05/2026 16:49:33
CART_CIRCULAR,3397,OK,03/05/2026 16:49:41
CART_CIRCULAR,3396,OK,03/05/2026 16:49:47
CART_CIRCULAR,3395,OK,03/05/2026 16:49:53
CART_CIRCULAR,3394,OK,03/05/2026 16:50:00
CART_CIRCULAR,3393,OK,03/05/2026 16:50:07
CART_CIRCULAR,3392,OK,03/05/2026 16:50:13
CART_CIRCULAR,3391,OK,03/05/2026 16:50:21
CART_CIRCULAR,3390,OK,03/05/2026 16:50:28
CART_CIRCULAR,3389,OK,03/05/2026 16:50:35
CART_CIRCULAR,3388,OK,03/05/2026 16:50:42
CART_CIRCULAR,3387,OK,03/05/2026 16:50:49
CART_CIRCULAR,3386,OK,03/05/2026 16:50:55
CART_CIRCULAR,3385,OK,03/05/2026 16:51:14
CART_CIRCULAR,3384,OK,03/05/2026 16:51:22
CART_CIRCULAR,3383,OK,03/05/2026 16:51:30
CART_CIRCULAR,3382,OK,03/05/2026 16:51:37
CART_CIRCULAR,3381,OK,03/05/2026 16:51:44
CART_CIRCULAR,3380,OK,03/05/2026 16:51:50
CART_CIRCULAR,3379,OK,03/05/2026 16:51:57
CART_CIRCULAR,3378,OK,03/05/2026 16:52:04
CART_CIRCULAR,3377,OK,03/05/2026 16:52:11
CART_CIRCULAR,3376,OK,03/05/2026 16:52:18
CART_CIRCULAR,3375,OK,03/05/2026 16:52:24
CART_CIRCULAR,3374,OK,03/05/2026 16:52:32
CART_CIRCULAR,3373,OK,03/05/2026 16:52:39
CART_CIRCULAR,3372,OK,03/05/2026 16:52:46
CART_CIRCULAR,3371,OK,03/05/2026 16:52:52
CART_CIRCULAR,3370,OK,03/05/2026 16:53:00
CART_CIRCULAR,3369,OK,03/05/2026 16:53:07
CART_CIRCULAR,3368,OK,03/05/2026 16:53:14
CART_CIRCULAR,3367,OK,03/05/2026 16:53:22
CART_CIRCULAR,3366,OK,03/05/2026 16:53:29
CART_CIRCULAR,3365,OK,03/05/2026 16:53:50
CART_CIRCULAR,3364,OK,03/05/2026 16:53:59
CART_CIRCULAR,3363,OK,03/05/2026 16:54:10
CART_CIRCULAR,3362,OK,03/05/2026 16:54:16
CART_CIRCULAR,3361,OK,03/05/2026 16:54:23
CART_CIRCULAR,3360,OK,03/05/2026 16:54:31
CART_CIRCULAR,3359,OK,03/05/2026 16:54:37
CART_CIRCULAR,3358,OK,03/05/2026 16:54:44
CART_CIRCULAR,3357,OK,03/05/2026 16:54:51
CART_CIRCULAR,3356,OK,03/05/2026 16:54:58
CART_CIRCULAR,3355,OK,03/05/2026 16:55:05
CART_CIRCULAR,3354,OK,03/05/2026 16:55:12
CART_CIRCULAR,3353,OK,03/05/2026 16:55:20
CART_CIRCULAR,3352,OK,03/05/2026 16:55:26
CART_CIRCULAR,3351,OK,03/05/2026 16:55:33
CART_CIRCULAR,3350,OK,03/05/2026 16:55:40
CART_CIRCULAR,3349,OK,03/05/2026 16:55:47
CART_CIRCULAR,3348,OK,03/05/2026 16:55:54
CART_CIRCULAR,3347,OK,03/05/2026 16:56:01
CART_CIRCULAR,3346,OK,03/05/2026 16:56:08
CART_CIRCULAR,3345,OK,03/05/2026 16:56:28
CART_CIRCULAR,3344,OK,03/05/2026 16:56:36
CART_CIRCULAR,3343,OK,03/05/2026 16:56:44
CART_CIRCULAR,3342,OK,03/05/2026 16:56:52
CART_CIRCULAR,3341,OK,03/05/2026 16:56:58
CART_CIRCULAR,3340,OK,03/05/2026 16:57:05
CART_CIRCULAR,3339,OK,03/05/2026 16:57:12
CART_CIRCULAR,3338,OK,03/05/2026 16:57:19
CART_CIRCULAR,3337,OK,03/05/2026 16:57:26
CART_CIRCULAR,3336,OK,03/05/2026 16:57:32
CART_CIRCULAR,3335,OK,03/05/2026 16:57:39
CART_CIRCULAR,3334,OK,03/05/2026 16:57:46
CART_CIRCULAR,3333,OK,03/05/2026 16:57:52
CART_CIRCULAR,3332,OK,03/05/2026 16:57:59
CART_CIRCULAR,3331,OK,03/05/2026 16:58:07
CART_CIRCULAR,3330,OK,03/05/2026 16:58:13
CART_CIRCULAR,3329,OK,03/05/2026 16:58:20
CART_CIRCULAR,3328,OK,03/05/2026 16:58:27
CART_CIRCULAR,3327,OK,03/05/2026 16:58:34
CART_CIRCULAR,3326,OK,03/05/2026 16:58:41
CART_CIRCULAR,3325,OK,03/05/2026 16:59:02
CART_CIRCULAR,3324,OK,03/05/2026 16:59:10
CART_CIRCULAR,3323,OK,03/05/2026 16:59:18
CART_CIRCULAR,3322,OK,03/05/2026 16:59:26
CART_CIRCULAR,3321,OK,03/05/2026 16:59:34
CART_CIRCULAR,3320,OK,03/05/2026 16:59:41
CART_CIRCULAR,3319,OK,03/05/2026 16:59:48
CART_CIRCULAR,3318,OK,03/05/2026 16:59:54
CART_CIRCULAR,3317,OK,03/05/2026 17:00:02
CART_CIRCULAR,3316,OK,03/05/2026 17:00:09
CART_CIRCULAR,3315,OK,03/05/2026 17:00:17
CART_CIRCULAR,3314,OK,03/05/2026 17:00:24
CART_CIRCULAR,3313,OK,03/05/2026 17:00:31
CART_CIRCULAR,3312,OK,03/05/2026 17:00:38
CART_CIRCULAR,3311,OK,03/05/2026 17:00:45
CART_CIRCULAR,3310,OK,03/05/2026 17:00:52
CART_CIRCULAR,3309,OK,03/05/2026 17:00:59
CART_CIRCULAR,3308,OK,03/05/2026 17:01:06
CART_CIRCULAR,3307,OK,03/05/2026 17:01:13
CART_CIRCULAR,3306,OK,03/05/2026 17:01:20
CART_CIRCULAR,3305,OK,03/05/2026 17:01:40
CART_CIRCULAR,3304,OK,03/05/2026 17:01:48
CART_CIRCULAR,3303,OK,03/05/2026 17:01:58
CART_CIRCULAR,3302,OK,03/05/2026 17:02:05
CART_CIRCULAR,3301,OK,03/05/2026 17:02:12
CART_CIRCULAR,3300,OK,03/05/2026 17:02:19
CART_CIRCULAR,3299,OK,03/05/2026 17:02:26
CART_CIRCULAR,3298,OK,03/05/2026 17:02:33
CART_CIRCULAR,3297,OK,03/05/2026 17:02:41
CART_CIRCULAR,3296,OK,03/05/2026 17:02:48
CART_CIRCULAR,3295,OK,03/05/2026 17:02:56
CART_CIRCULAR,3294,OK,03/05/2026 17:03:03
CART_CIRCULAR,3293,OK,03/05/2026 17:03:11
CART_CIRCULAR,3292,OK,03/05/2026 17:03:18
CART_CIRCULAR,3291,OK,03/05/2026 17:03:25
CART_CIRCULAR,3290,OK,03/05/2026 17:03:32
CART_CIRCULAR,3289,OK,03/05/2026 17:03:39
CART_CIRCULAR,3288,OK,03/05/2026 17:03:46
CART_CIRCULAR,3287,OK,03/05/2026 17:03:53
CART_CIRCULAR,3286,OK,03/05/2026 17:04:01
CART_CIRCULAR,3285,OK,03/05/2026 17:04:21
CART_CIRCULAR,3284,OK,03/05/2026 17:04:31
CART_CIRCULAR,3283,OK,03/05/2026 17:04:39
CART_CIRCULAR,3282,OK,03/05/2026 17:04:47
CART_CIRCULAR,3281,OK,03/05/2026 17:04:54
CART_CIRCULAR,3280,OK,03/05/2026 17:05:01
CART_CIRCULAR,3279,OK,03/05/2026 17:05:08
CART_CIRCULAR,3278,OK,03/05/2026 17:05:15
CART_CIRCULAR,3277,OK,03/05/2026 17:05:22
CART_CIRCULAR,3276,OK,03/05/2026 17:05:28
CART_CIRCULAR,3275,OK,03/05/2026 17:05:35
CART_CIRCULAR,3274,OK,03/05/2026 17:05:41
CART_CIRCULAR,3273,OK,03/05/2026 17:05:47
CART_CIRCULAR,3272,OK,03/05/2026 17:05:54
CART_CIRCULAR,3271,OK,03/05/2026 17:06:01
CART_CIRCULAR,3270,OK,03/05/2026 17:06:08
CART_CIRCULAR,3269,OK,03/05/2026 17:06:14
CART_CIRCULAR,3268,OK,03/05/2026 17:06:20
CART_CIRCULAR,3267,OK,03/05/2026 17:06:27
CART_CIRCULAR,3266,OK,03/05/2026 17:06:34
CART_CIRCULAR,3265,OK,03/05/2026 17:06:59
CART_CIRCULAR,3264,OK,03/05/2026 17:07:06
CART_CIRCULAR,3263,OK,03/05/2026 17:07:14
CART_CIRCULAR,3262,OK,03/05/2026 17:07:22
CART_CIRCULAR,3261,OK,03/05/2026 17:07:29
CART_CIRCULAR,3260,OK,03/05/2026 17:07:36
CART_CIRCULAR,3259,OK,03/05/2026 17:07:43
CART_CIRCULAR,3258,OK,03/05/2026 17:07:49
CART_CIRCULAR,3257,OK,03/05/2026 17:07:55
CART_CIRCULAR,3256,OK,03/05/2026 17:08:02
CART_CIRCULAR,3255,OK,03/05/2026 17:08:09
CART_CIRCULAR,3254,OK,03/05/2026 17:08:15
CART_CIRCULAR,3253,OK,03/05/2026 17:08:22
CART_CIRCULAR,3252,OK,03/05/2026 17:08:29
CART_CIRCULAR,3251,OK,03/05/2026 17:08:36
CART_CIRCULAR,3250,OK,03/05/2026 17:08:43
CART_CIRCULAR,3249,OK,03/05/2026 17:08:49
CART_CIRCULAR,3248,OK,03/05/2026 17:08:56
CART_CIRCULAR,3247,OK,03/05/2026 17:09:03
CART_CIRCULAR,3246,OK,03/05/2026 17:09:10
CART_CIRCULAR,3245,OK,03/05/2026 17:09:30
CART_CIRCULAR,3244,OK,03/05/2026 17:09:39
CART_CIRCULAR,3243,OK,03/05/2026 17:09:46
CART_CIRCULAR,3242,OK,03/05/2026 17:09:54
CART_CIRCULAR,3241,OK,03/05/2026 17:10:01
CART_CIRCULAR,3240,OK,03/05/2026 17:10:10
CART_CIRCULAR,3239,OK,03/05/2026 17:10:18
CART_CIRCULAR,3238,OK,03/05/2026 17:10:26
CART_CIRCULAR,3237,OK,03/05/2026 17:10:32
CART_CIRCULAR,3236,OK,03/05/2026 17:10:39
CART_CIRCULAR,3235,OK,03/05/2026 17:10:47
CART_CIRCULAR,3234,OK,03/05/2026 17:10:54
CART_CIRCULAR,3233,OK,03/05/2026 17:11:02
CART_CIRCULAR,3232,OK,03/05/2026 17:11:09
CART_CIRCULAR,3231,OK,03/05/2026 17:11:16
CART_CIRCULAR,3230,OK,03/05/2026 17:11:24
CART_CIRCULAR,3229,OK,03/05/2026 17:11:30
CART_CIRCULAR,3228,OK,03/05/2026 17:11:37
CART_CIRCULAR,3227,OK,03/05/2026 17:11:44
CART_CIRCULAR,3226,OK,03/05/2026 17:11:50
CART_CIRCULAR,3225,OK,03/05/2026 17:12:13
CART_CIRCULAR,3224,OK,03/05/2026 17:12:22
CART_CIRCULAR,3223,OK,03/05/2026 17:12:30
CART_CIRCULAR,3222,OK,03/05/2026 17:12:38
CART_CIRCULAR,3221,OK,03/05/2026 17:12:44
CART_CIRCULAR,3220,OK,03/05/2026 17:12:51
CART_CIRCULAR,3219,OK,03/05/2026 17:12:57
CART_CIRCULAR,3218,OK,03/05/2026 17:13:05
CART_CIRCULAR,3217,OK,03/05/2026 17:13:12
CART_CIRCULAR,3216,OK,03/05/2026 17:13:20
CART_CIRCULAR,3215,OK,03/05/2026 17:13:26
CART_CIRCULAR,3214,OK,03/05/2026 17:13:33
CART_CIRCULAR,3213,OK,03/05/2026 17:13:40
CART_CIRCULAR,3212,OK,03/05/2026 17:13:47
CART_CIRCULAR,3211,OK,03/05/2026 17:13:54
CART_CIRCULAR,3210,OK,03/05/2026 17:14:01
CART_CIRCULAR,3209,OK,03/05/2026 17:14:08
CART_CIRCULAR,3208,OK,03/05/2026 17:14:16
CART_CIRCULAR,3207,OK,03/05/2026 17:14:23
CART_CIRCULAR,3206,OK,03/05/2026 17:14:31
CART_CIRCULAR,3205,OK,03/05/2026 17:14:58
CART_CIRCULAR,3204,OK,03/05/2026 17:15:05
CART_CIRCULAR,3203,OK,03/05/2026 17:15:15
CART_CIRCULAR,3202,OK,03/05/2026 17:15:24
CART_CIRCULAR,3201,OK,03/05/2026 17:15:31
CART_CIRCULAR,3200,OK,03/05/2026 17:15:37
CART_CIRCULAR,3199,OK,03/05/2026 17:15:46
CART_CIRCULAR,3198,OK,03/05/2026 17:15:54
CART_CIRCULAR,3197,OK,03/05/2026 17:16:01
CART_CIRCULAR,3196,OK,03/05/2026 17:16:09
CART_CIRCULAR,3195,OK,03/05/2026 17:16:16
CART_CIRCULAR,3194,OK,03/05/2026 17:16:23
CART_CIRCULAR,3193,OK,03/05/2026 17:16:30
CART_CIRCULAR,3192,OK,03/05/2026 17:16:38
CART_CIRCULAR,3191,OK,03/05/2026 17:16:45
CART_CIRCULAR,3190,OK,03/05/2026 17:16:51
CART_CIRCULAR,3189,OK,03/05/2026 17:16:58
CART_CIRCULAR,3188,OK,03/05/2026 17:17:04
CART_CIRCULAR,3187,OK,03/05/2026 17:17:12
CART_CIRCULAR,3186,OK,03/05/2026 17:17:18
CART_CIRCULAR,3185,OK,03/05/2026 17:17:39
CART_CIRCULAR,3184,OK,03/05/2026 17:17:47
CART_CIRCULAR,3183,OK,03/05/2026 17:17:56
CART_CIRCULAR,3182,OK,03/05/2026 17:18:03
CART_CIRCULAR,3181,OK,03/05/2026 17:18:10
CART_CIRCULAR,3180,OK,03/05/2026 17:18:18
CART_CIRCULAR,3179,OK,03/05/2026 17:18:25
CART_CIRCULAR,3178,OK,03/05/2026 17:18:32
CART_CIRCULAR,3177,OK,03/05/2026 17:18:39
CART_CIRCULAR,3176,OK,03/05/2026 17:18:46
CART_CIRCULAR,3175,OK,03/05/2026 17:18:52
CART_CIRCULAR,3174,OK,03/05/2026 17:18:59
CART_CIRCULAR,3173,OK,03/05/2026 17:19:07
CART_CIRCULAR,3172,OK,03/05/2026 17:19:13
CART_CIRCULAR,3171,OK,03/05/2026 17:19:20
CART_CIRCULAR,3170,OK,03/05/2026 17:19:28
CART_CIRCULAR,3169,OK,03/05/2026 17:19:35
CART_CIRCULAR,3168,OK,03/05/2026 17:19:42
CART_CIRCULAR,3167,OK,03/05/2026 17:19:49
CART_CIRCULAR,3166,OK,03/05/2026 17:19:56
CART_CIRCULAR,3165,OK,03/05/2026 17:20:18
CART_CIRCULAR,3164,OK,03/05/2026 17:20:27
CART_CIRCULAR,3163,OK,03/05/2026 17:20:35
CART_CIRCULAR,3162,OK,03/05/2026 17:20:42
CART_CIRCULAR,3161,OK,03/05/2026 17:20:48
CART_CIRCULAR,3160,OK,03/05/2026 17:20:55
CART_CIRCULAR,3159,OK,03/05/2026 17:21:02
CART_CIRCULAR,3158,OK,03/05/2026 17:21:09
CART_CIRCULAR,3157,OK,03/05/2026 17:21:16
CART_CIRCULAR,3156,OK,03/05/2026 17:21:22
CART_CIRCULAR,3155,OK,03/05/2026 17:21:30
CART_CIRCULAR,3154,OK,03/05/2026 17:21:36
CART_CIRCULAR,3153,OK,03/05/2026 17:21:43
CART_CIRCULAR,3152,OK,03/05/2026 17:21:50
CART_CIRCULAR,3151,OK,03/05/2026 17:21:59
CART_CIRCULAR,3150,OK,03/05/2026 17:22:06
CART_CIRCULAR,3149,OK,03/05/2026 17:22:13
CART_CIRCULAR,3148,OK,03/05/2026 17:22:20
CART_CIRCULAR,3147,OK,03/05/2026 17:22:27
CART_CIRCULAR,3146,OK,03/05/2026 17:22:34
CART_CIRCULAR,3145,OK,03/05/2026 17:22:57
CART_CIRCULAR,3144,OK,03/05/2026 17:23:05
CART_CIRCULAR,3143,OK,03/05/2026 17:23:13
CART_CIRCULAR,3142,OK,03/05/2026 17:23:20
CART_CIRCULAR,3141,OK,03/05/2026 17:23:26
CART_CIRCULAR,3140,OK,03/05/2026 17:23:33
CART_CIRCULAR,3139,OK,03/05/2026 17:23:40
CART_CIRCULAR,3138,OK,03/05/2026 17:23:47
CART_CIRCULAR,3137,OK,03/05/2026 17:23:54
CART_CIRCULAR,3136,OK,03/05/2026 17:24:02
CART_CIRCULAR,3135,OK,03/05/2026 17:24:09
CART_CIRCULAR,3134,OK,03/05/2026 17:24:16
CART_CIRCULAR,3133,OK,03/05/2026 17:24:23
CART_CIRCULAR,3132,OK,03/05/2026 17:24:31
CART_CIRCULAR,3131,OK,03/05/2026 17:24:37
CART_CIRCULAR,3130,OK,03/05/2026 17:24:45
CART_CIRCULAR,3129,OK,03/05/2026 17:24:51
CART_CIRCULAR,3128,OK,03/05/2026 17:24:58
CART_CIRCULAR,3127,OK,03/05/2026 17:25:05
CART_CIRCULAR,3126,OK,03/05/2026 17:25:12
CART_CIRCULAR,3125,OK,03/05/2026 17:25:32
CART_CIRCULAR,3124,OK,03/05/2026 17:25:40
CART_CIRCULAR,3123,OK,03/05/2026 17:25:49
CART_CIRCULAR,3122,OK,03/05/2026 17:25:56
CART_CIRCULAR,3121,OK,03/05/2026 17:26:04
CART_CIRCULAR,3120,OK,03/05/2026 17:26:11
CART_CIRCULAR,3119,OK,03/05/2026 17:26:18
CART_CIRCULAR,3118,OK,03/05/2026 17:26:25
CART_CIRCULAR,3117,OK,03/05/2026 17:26:31
CART_CIRCULAR,3116,OK,03/05/2026 17:26:39
CART_CIRCULAR,3115,OK,03/05/2026 17:26:46
CART_CIRCULAR,3114,OK,03/05/2026 17:26:53
CART_CIRCULAR,3113,OK,03/05/2026 17:27:00
CART_CIRCULAR,3112,OK,03/05/2026 17:27:07
CART_CIRCULAR,3111,OK,03/05/2026 17:27:14
CART_CIRCULAR,3110,OK,03/05/2026 17:27:21
CART_CIRCULAR,3109,OK,03/05/2026 17:27:27
CART_CIRCULAR,3108,OK,03/05/2026 17:27:35
CART_CIRCULAR,3107,OK,03/05/2026 17:27:42
CART_CIRCULAR,3106,OK,03/05/2026 17:27:49
CART_CIRCULAR,3105,OK,03/05/2026 17:28:11
CART_CIRCULAR,3104,OK,03/05/2026 17:28:18
CART_CIRCULAR,3103,OK,03/05/2026 17:28:26
CART_CIRCULAR,3102,OK,03/05/2026 17:28:33
CART_CIRCULAR,3101,OK,03/05/2026 17:28:41
CART_CIRCULAR,3100,OK,03/05/2026 17:28:49
CART_CIRCULAR,3099,OK,03/05/2026 17:28:56
CART_CIRCULAR,3098,OK,03/05/2026 17:29:03
CART_CIRCULAR,3097,OK,03/05/2026 17:29:11
CART_CIRCULAR,3096,OK,03/05/2026 17:29:18
CART_CIRCULAR,3095,OK,03/05/2026 17:29:25
CART_CIRCULAR,3094,OK,03/05/2026 17:29:32
CART_CIRCULAR,3093,OK,03/05/2026 17:29:39
CART_CIRCULAR,3092,OK,03/05/2026 17:29:46
CART_CIRCULAR,3091,OK,03/05/2026 17:29:53
CART_CIRCULAR,3090,OK,03/05/2026 17:30:00
CART_CIRCULAR,3089,OK,03/05/2026 17:30:07
CART_CIRCULAR,3088,OK,03/05/2026 17:30:14
CART_CIRCULAR,3087,OK,03/05/2026 17:30:21
CART_CIRCULAR,3086,OK,03/05/2026 17:30:27
CART_CIRCULAR,3085,OK,03/05/2026 17:30:49
CART_CIRCULAR,3084,OK,03/05/2026 17:30:57
CART_CIRCULAR,3083,OK,03/05/2026 17:31:10
CART_CIRCULAR,3082,OK,03/05/2026 17:31:18
CART_CIRCULAR,3081,OK,03/05/2026 17:31:25
CART_CIRCULAR,3080,OK,03/05/2026 17:31:31
CART_CIRCULAR,3079,OK,03/05/2026 17:31:38
CART_CIRCULAR,3078,OK,03/05/2026 17:31:46
CART_CIRCULAR,3077,OK,03/05/2026 17:31:53
CART_CIRCULAR,3076,OK,03/05/2026 17:31:59
CART_CIRCULAR,3075,OK,03/05/2026 17:32:07
CART_CIRCULAR,3074,OK,03/05/2026 17:32:13
CART_CIRCULAR,3073,OK,03/05/2026 17:32:22
CART_CIRCULAR,3072,OK,03/05/2026 17:32:30
CART_CIRCULAR,3071,OK,03/05/2026 17:32:38
CART_CIRCULAR,3070,OK,03/05/2026 17:32:45
CART_CIRCULAR,3069,OK,03/05/2026 17:32:53
CART_CIRCULAR,3068,OK,03/05/2026 17:33:00
CART_CIRCULAR,3067,OK,03/05/2026 17:33:07
CART_CIRCULAR,3066,OK,03/05/2026 17:33:14
CART_CIRCULAR,3065,OK,03/05/2026 17:33:38
CART_CIRCULAR,3064,OK,03/05/2026 17:33:46
CART_CIRCULAR,3063,OK,03/05/2026 17:33:54
CART_CIRCULAR,3062,OK,03/05/2026 17:34:02
CART_CIRCULAR,3061,OK,03/05/2026 17:34:09
CART_CIRCULAR,3060,OK,03/05/2026 17:34:16
CART_CIRCULAR,3059,OK,03/05/2026 17:34:24
CART_CIRCULAR,3058,OK,03/05/2026 17:34:34
CART_CIRCULAR,3057,OK,03/05/2026 17:34:43
CIRCULAR,3918,OK,03/05/2026 17:35:07
CIRCULAR,3917,OK,03/05/2026 17:35:15
CIRCULAR,3916,OK,03/05/2026 17:35:22
CIRCULAR,3915,OK,03/05/2026 17:35:29
CIRCULAR,3914,OK,03/05/2026 17:35:36
CIRCULAR,3913,OK,03/05/2026 17:35:43
CIRCULAR,3912,OK,03/05/2026 17:35:50
CIRCULAR,3911,OK,03/05/2026 17:35:57
CIRCULAR,3910,OK,03/05/2026 17:36:04
CIRCULAR,3909,OK,03/05/2026 17:36:12
CIRCULAR,3908,OK,03/05/2026 17:36:20
CIRCULAR,3907,OK,03/05/2026 17:36:27
CIRCULAR,3906,OK,03/05/2026 17:36:36
CIRCULAR,3905,OK,03/05/2026 17:36:49
CIRCULAR,3904,OK,03/05/2026 17:37:09
CIRCULAR,3903,OK,03/05/2026 17:37:30
CIRCULAR,3902,OK,03/05/2026 17:37:37
CIRCULAR,3901,OK,03/05/2026 17:37:45
CIRCULAR,3900,OK,03/05/2026 17:37:52
CIRCULAR,3899,OK,03/05/2026 17:37:59
CIRCULAR,3898,OK,03/05/2026 17:38:16
CIRCULAR,3897,OK,03/05/2026 17:38:24
CIRCULAR,3896,OK,03/05/2026 17:38:32
CIRCULAR,3895,OK,03/05/2026 17:38:40
CIRCULAR,3894,OK,03/05/2026 17:38:46
CIRCULAR,3893,OK,03/05/2026 17:38:53
CIRCULAR,3892,OK,03/05/2026 17:39:00
CIRCULAR,3891,OK,03/05/2026 17:39:07
CIRCULAR,3890,OK,03/05/2026 17:39:15
CIRCULAR,3889,OK,03/05/2026 17:39:21
CIRCULAR,3888,OK,03/05/2026 17:39:28
CIRCULAR,3887,OK,03/05/2026 17:39:36
CIRCULAR,3886,OK,03/05/2026 17:39:42
CIRCULAR,3885,OK,03/05/2026 17:39:49
CIRCULAR,3884,OK,03/05/2026 17:39:56
CIRCULAR,3883,OK,03/05/2026 17:40:04
CIRCULAR,3882,OK,03/05/2026 17:40:12
CIRCULAR,3881,OK,03/05/2026 17:40:19
CIRCULAR,3880,OK,03/05/2026 17:40:25
CIRCULAR,3879,OK,03/05/2026 17:40:33
CIRCULAR,3878,OK,03/05/2026 17:41:03
CIRCULAR,3877,OK,03/05/2026 17:41:13
CIRCULAR,3876,OK,03/05/2026 17:41:21
CIRCULAR,3875,OK,03/05/2026 17:41:29
CIRCULAR,3874,OK,03/05/2026 17:41:36
CIRCULAR,3873,OK,03/05/2026 17:41:42
CIRCULAR,3872,OK,03/05/2026 17:41:49
CIRCULAR,3871,OK,03/05/2026 17:41:55
CIRCULAR,3870,OK,03/05/2026 17:42:02
CIRCULAR,3869,OK,03/05/2026 17:42:10
CIRCULAR,3868,OK,03/05/2026 17:42:17
CIRCULAR,3867,OK,03/05/2026 17:42:24
CIRCULAR,3866,OK,03/05/2026 17:42:32
CIRCULAR,3865,OK,03/05/2026 17:42:39
CIRCULAR,3864,OK,03/05/2026 17:42:48
CIRCULAR,3863,OK,03/05/2026 17:42:57
CIRCULAR,3862,OK,03/05/2026 17:43:04
CIRCULAR,3861,OK,03/05/2026 17:43:10
CIRCULAR,3860,OK,03/05/2026 17:43:17
CIRCULAR,3859,OK,03/05/2026 17:43:24
CIRCULAR,3858,OK,03/05/2026 17:43:44
CIRCULAR,3857,OK,03/05/2026 17:43:53
CIRCULAR,3856,OK,03/05/2026 17:44:03
CIRCULAR,3855,OK,03/05/2026 17:44:10
CIRCULAR,3854,OK,03/05/2026 17:44:17
CIRCULAR,3853,OK,03/05/2026 17:44:24
CIRCULAR,3852,OK,03/05/2026 17:44:30
CIRCULAR,3851,OK,03/05/2026 17:44:36
CIRCULAR,3850,OK,03/05/2026 17:44:44
CIRCULAR,3849,OK,03/05/2026 17:44:51
CIRCULAR,3848,OK,03/05/2026 17:44:57
CIRCULAR,3847,OK,03/05/2026 17:45:03
CIRCULAR,3846,OK,03/05/2026 17:45:10
CIRCULAR,3845,OK,03/05/2026 17:45:18
CIRCULAR,3844,OK,03/05/2026 17:45:25
CIRCULAR,3843,OK,03/05/2026 17:45:32
CIRCULAR,3842,OK,03/05/2026 17:45:39
CIRCULAR,3841,OK,03/05/2026 17:45:45
CIRCULAR,3840,OK,03/05/2026 17:45:52
CIRCULAR,3839,OK,03/05/2026 17:46:00
CIRCULAR,3838,OK,03/05/2026 17:46:20
CIRCULAR,3837,OK,03/05/2026 17:46:28
CIRCULAR,3836,OK,03/05/2026 17:46:35
CIRCULAR,3835,OK,03/05/2026 17:46:42
CIRCULAR,3834,OK,03/05/2026 17:46:48
CIRCULAR,3833,OK,03/05/2026 17:46:55
CIRCULAR,3832,OK,03/05/2026 17:47:02
CIRCULAR,3831,OK,03/05/2026 17:47:08
CIRCULAR,3830,OK,03/05/2026 17:47:16
CIRCULAR,3829,OK,03/05/2026 17:47:22
CIRCULAR,3828,OK,03/05/2026 17:47:29
CIRCULAR,3827,OK,03/05/2026 17:47:35
CIRCULAR,3826,OK,03/05/2026 17:47:42
CIRCULAR,3825,OK,03/05/2026 17:47:49
CIRCULAR,3824,OK,03/05/2026 17:47:56
CIRCULAR,3823,OK,03/05/2026 17:48:02
CIRCULAR,3822,OK,03/05/2026 17:48:11
CIRCULAR,3821,OK,03/05/2026 17:48:18
CIRCULAR,3820,OK,03/05/2026 17:48:24
CIRCULAR,3819,OK,03/05/2026 17:48:32
CIRCULAR,3818,OK,03/05/2026 17:48:53
CIRCULAR,3817,OK,03/05/2026 17:49:02
CIRCULAR,3816,OK,03/05/2026 17:49:09
CIRCULAR,3815,OK,03/05/2026 17:49:17
CIRCULAR,3814,OK,03/05/2026 17:49:25
CIRCULAR,3813,OK,03/05/2026 17:49:31
CIRCULAR,3812,OK,03/05/2026 17:49:38
CIRCULAR,3811,OK,03/05/2026 17:49:45
CIRCULAR,3810,OK,03/05/2026 17:49:52
CIRCULAR,3809,OK,03/05/2026 17:49:58
CIRCULAR,3808,OK,03/05/2026 17:50:05
CIRCULAR,3807,OK,03/05/2026 17:50:13
CIRCULAR,3806,OK,03/05/2026 17:50:20
CIRCULAR,3805,OK,03/05/2026 17:50:27
CIRCULAR,3804,OK,03/05/2026 17:50:34
CIRCULAR,3803,OK,03/05/2026 17:50:43
CIRCULAR,3802,OK,03/05/2026 17:50:52
CIRCULAR,3801,OK,03/05/2026 17:51:01
CIRCULAR,3800,OK,03/05/2026 17:51:09
CMN,3740,OK,03/05/2026 18:26:37
CMN,3739,OK,03/05/2026 18:26:44
CMN,3738,OK,03/05/2026 18:26:51
CMN,3737,OK,03/05/2026 18:26:57
CMN,3736,OK,03/05/2026 18:27:04
CMN,3735,OK,03/05/2026 18:27:12
CMN,3734,OK,03/05/2026 18:27:19
CMN,3733,OK,03/05/2026 18:27:26
CMN,3732,OK,03/05/2026 18:27:35
CMN,3731,OK,03/05/2026 18:27:43
CMN,3730,OK,03/05/2026 18:27:51
CMN,3729,OK,03/05/2026 18:27:59
CMN,3728,OK,03/05/2026 18:28:06
CMN,3727,OK,03/05/2026 18:28:14
CMN,3726,OK,03/05/2026 18:28:22
CMN,3725,OK,03/05/2026 18:28:29
CMN,3724,OK,03/05/2026 18:28:37
CMN,3723,OK,03/05/2026 18:28:45
CMN,3722,OK,03/05/2026 18:28:53
CMN,3721,OK,03/05/2026 18:29:01
CMN,3720,OK,03/05/2026 18:29:23
CMN,3719,OK,03/05/2026 18:29:31
CMN,3718,OK,03/05/2026 18:29:39
CMN,3717,OK,03/05/2026 18:29:48
CMN,3716,OK,03/05/2026 18:29:55
CMN,3715,OK,03/05/2026 18:30:02
CMN,3714,OK,03/05/2026 18:30:10
CMN,3713,OK,03/05/2026 18:30:18
CMN,3712,OK,03/05/2026 18:30:27
CMN,3711,OK,03/05/2026 18:30:34
CMN,3710,OK,03/05/2026 18:30:41
CMN,3709,OK,03/05/2026 18:30:49
CMN,3708,OK,03/05/2026 18:30:57
CMN,3707,OK,03/05/2026 18:31:05
CMN,3706,OK,03/05/2026 18:31:13
CMN,3705,OK,03/05/2026 18:31:20
CMN,3704,OK,03/05/2026 18:31:27
CMN,3703,OK,03/05/2026 18:31:35
CMN,3702,OK,03/05/2026 18:31:43
CMN,3701,OK,03/05/2026 18:31:51
CMN,3700,OK,03/05/2026 18:32:12
CMN,3699,OK,03/05/2026 18:32:21
CMN,3698,OK,03/05/2026 18:32:29
CMN,3697,OK,03/05/2026 18:32:39
CMN,3696,OK,03/05/2026 18:32:47
CMN,3695,OK,03/05/2026 18:32:55
CMN,3694,OK,03/05/2026 18:33:02
CMN,3693,OK,03/05/2026 18:33:10
CMN,3692,OK,03/05/2026 18:33:18
CMN,3691,OK,03/05/2026 18:33:26
CMN,3690,OK,03/05/2026 18:33:34
CMN,3689,OK,03/05/2026 18:33:41
CMN,3688,OK,03/05/2026 18:33:49
CMN,3687,OK,03/05/2026 18:33:57
CMN,3686,OK,03/05/2026 18:34:05
CMN,3685,OK,03/05/2026 18:34:13
CMN,3684,OK,03/05/2026 18:34:20
CMN,3683,OK,03/05/2026 18:34:28
CMN,3682,OK,03/05/2026 18:34:37
CMN,3681,OK,03/05/2026 18:34:46
CMN,3680,OK,03/05/2026 18:35:09
CMN,3679,OK,03/05/2026 18:35:17
CMN,3678,OK,03/05/2026 18:35:27
CMN,3677,OK,03/05/2026 18:35:34
CMN,3676,OK,03/05/2026 18:35:41
CMN,3675,OK,03/05/2026 18:35:48
CMN,3674,OK,03/05/2026 18:35:56
CMN,3673,OK,03/05/2026 18:36:04
CMN,3672,OK,03/05/2026 18:36:11
CMN,3671,OK,03/05/2026 18:36:18
CMN,3670,OK,03/05/2026 18:36:24
CMN,3669,OK,03/05/2026 18:36:32
CMN,3668,OK,03/05/2026 18:36:39
CMN,3667,OK,03/05/2026 18:36:46
CMN,3666,OK,03/05/2026 18:36:54
CMN,3665,OK,03/05/2026 18:37:02
CMN,3664,OK,03/05/2026 18:37:13
CMN,3663,OK,03/05/2026 18:37:20
CMN,3662,OK,03/05/2026 18:37:27
CMN,3661,OK,03/05/2026 18:37:34
CMN,3660,OK,03/05/2026 18:37:54
CMN,3659,OK,03/05/2026 18:38:02
CMN,3658,OK,03/05/2026 18:38:10
CMN,3657,OK,03/05/2026 18:38:18
CMN,3656,OK,03/05/2026 18:38:25
CMN,3655,OK,03/05/2026 18:38:34
CMN,3654,OK,03/05/2026 18:38:41
CMN,3653,OK,03/05/2026 18:38:54
CMN,3652,OK,03/05/2026 18:39:01
CMN,3651,OK,03/05/2026 18:39:10
CMN,3650,OK,03/05/2026 18:39:17
CMN,3649,OK,03/05/2026 18:39:26
CMN,3648,OK,03/05/2026 18:39:35
CMN,3647,OK,03/05/2026 18:39:42
CMN,3646,OK,03/05/2026 18:39:49
CMN,3645,OK,03/05/2026 18:39:57
CMN,3644,OK,03/05/2026 18:40:04
CMN,3643,OK,03/05/2026 18:40:14
CMN,3642,OK,03/05/2026 18:40:23
CMN,3641,OK,03/05/2026 18:40:30
CMN,3640,OK,03/05/2026 18:40:49
CMN,3639,OK,03/05/2026 18:40:58
CMN,3638,OK,03/05/2026 18:41:06
CMN,3637,OK,03/05/2026 18:41:14
CMN,3636,OK,03/05/2026 18:41:21
CMN,3635,OK,03/05/2026 18:41:28
CMN,3634,OK,03/05/2026 18:41:35
CMN,3633,OK,03/05/2026 18:41:43
CMN,3632,OK,03/05/2026 18:41:50
CMN,3631,OK,03/05/2026 18:42:00
CMN,3630,OK,03/05/2026 18:42:08
CMN,3629,OK,03/05/2026 18:42:17
CMN,3628,OK,03/05/2026 18:42:25
CMN,3627,OK,03/05/2026 18:42:33
CMN,3626,OK,03/05/2026 18:42:40
CMN,3625,OK,03/05/2026 18:42:48
CMN,3624,OK,03/05/2026 18:42:56
CMN,3623,OK,03/05/2026 18:43:03
CMN,3622,OK,03/05/2026 18:43:11
CMN,3621,OK,03/05/2026 18:43:19
CMN,3620,OK,03/05/2026 18:43:40
CMN,3619,OK,03/05/2026 18:43:50
CMN,3618,OK,03/05/2026 18:44:00
CMN,3617,OK,03/05/2026 18:44:07
CMN,3616,OK,03/05/2026 18:44:15
CMN,3615,OK,03/05/2026 18:44:23
CMN,3614,OK,03/05/2026 18:44:31
CMN,3613,OK,03/05/2026 18:44:39
CMN,3612,OK,03/05/2026 18:44:48
CMN,3611,OK,03/05/2026 18:44:56
CMN,3610,OK,03/05/2026 18:45:04
CMN,3609,OK,03/05/2026 18:45:12
CMN,3608,OK,03/05/2026 18:45:20
CMN,3607,OK,03/05/2026 18:45:28
CMN,3606,OK,03/05/2026 18:45:36
CMN,3605,OK,03/05/2026 18:45:44
CMN,3604,OK,03/05/2026 18:45:52
CMN,3603,OK,03/05/2026 18:46:01
CMN,3602,OK,03/05/2026 18:46:10
CMN,3601,OK,03/05/2026 18:46:18
CMN,3600,OK,03/05/2026 18:46:39
CMN,3599,OK,03/05/2026 18:46:48
CMN,3598,OK,03/05/2026 18:46:56
CMN,3597,OK,03/05/2026 18:47:03
CMN,3596,OK,03/05/2026 18:47:10
CMN,3595,OK,03/05/2026 18:47:18
CMN,3594,OK,03/05/2026 18:47:26
CMN,3593,OK,03/05/2026 18:47:34
CMN,3592,OK,03/05/2026 18:47:42
CMN,3591,OK,03/05/2026 18:48:04
CMN,3590,OK,03/05/2026 18:48:11
CMN,3589,OK,03/05/2026 18:48:19
CMN,3588,OK,03/05/2026 18:48:27
CMN,3587,OK,03/05/2026 18:48:35
CMN,3586,OK,03/05/2026 18:48:43
CMN,3585,OK,03/05/2026 18:48:51
CMN,3584,OK,03/05/2026 18:48:59
CMN,3583,OK,03/05/2026 18:49:07
CMN,3582,OK,03/05/2026 18:49:15
CMN,3581,OK,03/05/2026 18:49:23
CMN,3580,OK,03/05/2026 18:50:00
CMN,3579,OK,03/05/2026 18:50:08
CMN,3578,OK,03/05/2026 18:50:16
CMN,3577,OK,03/05/2026 18:50:24
CMN,3576,OK,03/05/2026 18:50:32
CMN,3575,OK,03/05/2026 18:50:39
CMN,3574,OK,03/05/2026 18:50:47
CMN,3573,OK,03/05/2026 18:50:54
CMN,3572,OK,03/05/2026 18:51:02
CMN,3571,OK,03/05/2026 18:51:10
CMN,3570,OK,03/05/2026 18:51:17
CMN,3569,OK,03/05/2026 18:51:25
CMN,3568,OK,03/05/2026 18:51:32
CMN,3567,OK,03/05/2026 18:51:40
CMN,3566,OK,03/05/2026 18:51:47
CMN,3565,OK,03/05/2026 18:51:54
CMN,3564,OK,03/05/2026 18:52:01
CMN,3563,OK,03/05/2026 18:52:08
CMN,3562,OK,03/05/2026 18:52:16
CMN,3561,OK,03/05/2026 18:52:23
CMN,3560,OK,03/05/2026 18:52:44
CMN,3559,OK,03/05/2026 18:52:53
CMN,3558,OK,03/05/2026 18:53:02
CMN,3557,OK,03/05/2026 18:53:09
CMN,3556,OK,03/05/2026 18:53:16
CMN,3555,OK,03/05/2026 18:53:24
CMN,3554,OK,03/05/2026 18:53:31
CMN,3553,OK,03/05/2026 18:53:39
CMN,3552,OK,03/05/2026 18:53:46
CMN,3551,OK,03/05/2026 18:53:53
CMN,3550,OK,03/05/2026 18:54:01
CMN,3549,OK,03/05/2026 18:54:08
CMN,3548,OK,03/05/2026 18:54:15
CMN,3547,OK,03/05/2026 18:54:22
CMN,3546,OK,03/05/2026 18:54:29
CMN,3545,OK,03/05/2026 18:54:37
CMN,3544,OK,03/05/2026 18:54:44
CMN,3543,OK,03/05/2026 18:54:51
CMN,3542,OK,03/05/2026 18:54:58
CMN,3541,OK,03/05/2026 18:55:05
CMN,3540,OK,03/05/2026 18:55:26
CMN,3539,OK,03/05/2026 18:55:34
CMN,3538,OK,03/05/2026 18:55:41
CMN,3537,OK,03/05/2026 18:55:48
CMN,3536,OK,03/05/2026 18:55:55
CMN,3535,OK,03/05/2026 18:56:02
CMN,3534,OK,03/05/2026 18:56:10
CMN,3533,OK,03/05/2026 18:56:18
CMN,3532,OK,03/05/2026 18:56:25
CMN,3531,OK,03/05/2026 18:56:33
CMN,3530,OK,03/05/2026 18:56:40
CMN,3529,OK,03/05/2026 18:56:47
CMN,3528,OK,03/05/2026 18:56:54
CMN,3527,OK,03/05/2026 18:57:01
CMN,3526,OK,03/05/2026 18:57:09
CMN,3525,OK,03/05/2026 18:57:16
CMN,3524,OK,03/05/2026 18:57:24
CMN,3523,OK,03/05/2026 18:57:31
CMN,3522,OK,03/05/2026 18:57:38
CMN,3521,OK,03/05/2026 18:57:46
CMN,3520,OK,03/05/2026 18:58:08
CMN,3519,OK,03/05/2026 18:58:17
CMN,3518,OK,03/05/2026 18:58:24
CMN,3517,OK,03/05/2026 18:58:32
CMN,3516,OK,03/05/2026 18:58:39
CMN,3515,OK,03/05/2026 18:58:47
CMN,3514,OK,03/05/2026 18:58:54
CMN,3513,OK,03/05/2026 18:59:02
CMN,3512,OK,03/05/2026 18:59:10
CMN,3511,OK,03/05/2026 18:59:16
CMN,3510,OK,03/05/2026 18:59:24
CMN,3509,OK,03/05/2026 18:59:32
CMN,3508,OK,03/05/2026 18:59:39
CMN,3507,OK,03/05/2026 18:59:47
CMN,3506,OK,03/05/2026 18:59:54
CMN,3505,OK,03/05/2026 19:00:02
CMN,3504,OK,03/05/2026 19:00:09
CMN,3503,OK,03/05/2026 19:00:16
CMN,3502,OK,03/05/2026 19:00:23
CMN,3501,OK,03/05/2026 19:00:30
CMN,3500,OK,03/05/2026 19:00:51
CMN,3499,OK,03/05/2026 19:01:00
CMN,3498,OK,03/05/2026 19:01:07
CMN,3497,OK,03/05/2026 19:01:15
CMN,3496,OK,03/05/2026 19:01:23
CMN,3495,OK,03/05/2026 19:01:30
CMN,3494,OK,03/05/2026 19:01:38
CMN,3493,OK,03/05/2026 19:01:45
CMN,3492,OK,03/05/2026 19:01:53
CMN,3491,OK,03/05/2026 19:02:00
CMN,3490,OK,03/05/2026 19:02:07
CMN,3489,OK,03/05/2026 19:02:14
CMN,3488,OK,03/05/2026 19:02:21
CMN,3487,OK,03/05/2026 19:02:28
CMN,3486,OK,03/05/2026 19:02:35
CMN,3485,OK,03/05/2026 19:02:43
CMN,3484,OK,03/05/2026 19:02:50
CMN,3483,OK,03/05/2026 19:02:58
CMN,3482,OK,03/05/2026 19:03:06
CMN,3481,OK,03/05/2026 19:03:13
CMN,3480,OK,03/05/2026 19:03:37
CMN,3479,OK,03/05/2026 19:03:45
CMN,3478,OK,03/05/2026 19:03:54
CMN,3477,OK,03/05/2026 19:04:01
CMN,3476,OK,03/05/2026 19:04:08
CMN,3475,OK,03/05/2026 19:04:16
CMN,3474,OK,03/05/2026 19:04:23
CMN,3473,OK,03/05/2026 19:04:31
CMN,3472,OK,03/05/2026 19:04:38
CMN,3471,OK,03/05/2026 19:04:46
CMN,3470,OK,03/05/2026 19:04:53
CMN,3469,OK,03/05/2026 19:05:00
CMN,3468,OK,03/05/2026 19:05:09
CMN,3467,OK,03/05/2026 19:05:17
CMN,3466,OK,03/05/2026 19:05:24
CMN,3465,OK,03/05/2026 19:05:31
CMN,3464,OK,03/05/2026 19:05:39
CMN,3463,OK,03/05/2026 19:05:46
CMN,3462,OK,03/05/2026 19:05:54
CMN,3461,OK,03/05/2026 19:06:02
CMN,3460,OK,03/05/2026 19:06:26
CMN,3459,OK,03/05/2026 19:06:34
CMN,3458,OK,03/05/2026 19:06:43
CMN,3457,OK,03/05/2026 19:06:51
CMN,3456,OK,03/05/2026 19:06:59
CMN,3455,OK,03/05/2026 19:07:07
CMN,3454,OK,03/05/2026 19:07:15
CMN,3453,OK,03/05/2026 19:07:23
CMN,3452,OK,03/05/2026 19:07:31
CMN,3451,OK,03/05/2026 19:07:39
CMN,3450,OK,03/05/2026 19:07:46
CMN,3449,OK,03/05/2026 19:07:55
CMN,3448,OK,03/05/2026 19:08:02
CMN,3447,OK,03/05/2026 19:08:10
CMN,3446,OK,03/05/2026 19:08:19
CMN,3445,OK,03/05/2026 19:08:26
CMN,3444,OK,03/05/2026 19:08:35
CMN,3443,OK,03/05/2026 19:08:42
CMN,3442,OK,03/05/2026 19:08:51
CMN,3441,OK,03/05/2026 19:08:58
CMN,3440,OK,03/05/2026 19:09:20
CMN,3439,OK,03/05/2026 19:09:28
CMN,3438,OK,03/05/2026 19:09:36
CMN,3437,OK,03/05/2026 19:09:44
CMN,3436,OK,03/05/2026 19:09:52
CMN,3435,OK,03/05/2026 19:10:00
CMN,3434,OK,03/05/2026 19:10:06
CMN,3433,OK,03/05/2026 19:10:13
CMN,3432,OK,03/05/2026 19:10:20
CMN,3431,OK,03/05/2026 19:10:27
CMN,3430,OK,03/05/2026 19:10:35
CMN,3429,OK,03/05/2026 19:10:43
CMN,3428,OK,03/05/2026 19:10:50
CMN,3427,OK,03/05/2026 19:10:57
CMN,3426,OK,03/05/2026 19:11:05
CMN,3425,OK,03/05/2026 19:11:12
CMN,3424,OK,03/05/2026 19:11:19
CMN,3423,OK,03/05/2026 19:11:27
CMN,3422,OK,03/05/2026 19:11:34
CMN,3421,OK,03/05/2026 19:11:41
CMN,3420,OK,03/05/2026 19:12:03
CMN,3419,OK,03/05/2026 19:12:11
CMN,3418,OK,03/05/2026 19:12:19
CMN,3417,OK,03/05/2026 19:12:26
CMN,3416,OK,03/05/2026 19:12:33
CMN,3415,OK,03/05/2026 19:12:42
CMN,3414,OK,03/05/2026 19:12:49
CMN,3413,OK,03/05/2026 19:12:56
CMN,3412,OK,03/05/2026 19:13:03
CMN,3411,OK,03/05/2026 19:13:10
CMN,3410,OK,03/05/2026 19:13:18
CMN,3409,OK,03/05/2026 19:13:26
CMN,3408,OK,03/05/2026 19:13:33
CMN,3407,OK,03/05/2026 19:13:40
CMN,3406,OK,03/05/2026 19:13:47
CMN,3405,OK,03/05/2026 19:13:55
CMN,3404,OK,03/05/2026 19:14:04
CMN,3403,OK,03/05/2026 19:14:12
CMN,3402,OK,03/05/2026 19:14:19
CMN,3401,OK,03/05/2026 19:14:26
CMN,3400,OK,03/05/2026 19:14:47
CMN,3399,OK,03/05/2026 19:14:55
CMN,3398,OK,03/05/2026 19:15:03
CMN,3397,OK,03/05/2026 19:15:11
CMN,3396,OK,03/05/2026 19:15:19
CMN,3395,OK,03/05/2026 19:15:26
CMN,3394,OK,03/05/2026 19:15:35
CMN,3393,OK,03/05/2026 19:15:43
CMN,3392,OK,03/05/2026 19:15:50
CMN,3391,OK,03/05/2026 19:15:58
CMN,3390,OK,03/05/2026 19:16:06
CMN,3389,OK,03/05/2026 19:16:13
CMN,3388,OK,03/05/2026 19:16:22
CMN,3387,OK,03/05/2026 19:16:30
CMN,3386,OK,03/05/2026 19:16:37
CMN,3385,OK,03/05/2026 19:16:45
CMN,3384,OK,03/05/2026 19:16:53
CMN,3383,OK,03/05/2026 19:17:01
CMN,3382,OK,03/05/2026 19:17:08
CMN,3381,OK,03/05/2026 19:17:16
CMN,3380,OK,03/05/2026 19:17:37
CMN,3379,OK,03/05/2026 19:17:46
CMN,3378,OK,03/05/2026 19:17:55
CMN,3377,OK,03/05/2026 19:18:02
CMN,3376,OK,03/05/2026 19:18:10
CMN,3375,OK,03/05/2026 19:18:20
CMN,3374,OK,03/05/2026 19:18:28
CMN,3373,OK,03/05/2026 19:18:36
CMN,3372,OK,03/05/2026 19:18:44
CMN,3371,OK,03/05/2026 19:18:51
CMN,3370,OK,03/05/2026 19:19:00
CMN,3369,OK,03/05/2026 19:19:09
CMN,3368,OK,03/05/2026 19:19:17
CMN,3367,OK,03/05/2026 19:19:25
CMN,3366,OK,03/05/2026 19:19:34
CMN,3365,OK,03/05/2026 19:19:42
CMN,3364,OK,03/05/2026 19:19:49
CMN,3363,OK,03/05/2026 19:19:57
CMN,3362,OK,03/05/2026 19:20:05
CMN,3361,OK,03/05/2026 19:20:13
CMN,3360,OK,03/05/2026 19:20:37
CMN,3359,OK,03/05/2026 19:20:45
CMN,3358,OK,03/05/2026 19:20:53
CMN,3357,OK,03/05/2026 19:21:01
CMN,3356,OK,03/05/2026 19:21:08
CMN,3355,OK,03/05/2026 19:21:16
CMN,3354,OK,03/05/2026 19:21:23
CMN,3353,OK,03/05/2026 19:21:31
CMN,3352,OK,03/05/2026 19:21:38
CMN,3351,OK,03/05/2026 19:21:46
CMN,3350,OK,03/05/2026 19:21:53
CMN,3349,OK,03/05/2026 19:22:01
CMN,3348,OK,03/05/2026 19:22:09
CMN,3347,OK,03/05/2026 19:22:17
CMN,3346,OK,03/05/2026 19:22:25
CMN,3345,OK,03/05/2026 19:22:33
CMN,3344,OK,03/05/2026 19:22:39
CMN,3343,OK,03/05/2026 19:22:47
CMN,3342,OK,03/05/2026 19:22:55
CMN,3341,OK,03/05/2026 19:23:03
CMN,3340,OK,03/05/2026 19:23:25
CMN,3339,OK,03/05/2026 19:23:34
CMN,3338,OK,03/05/2026 19:23:41
CMN,3337,OK,03/05/2026 19:23:48
CMN,3336,OK,03/05/2026 19:23:56
CMN,3335,OK,03/05/2026 19:24:03
CMN,3334,OK,03/05/2026 19:24:11
CMN,3333,OK,03/05/2026 19:24:18
CMN,3332,OK,03/05/2026 19:24:26
CMN,3331,OK,03/05/2026 19:24:33
CMN,3330,OK,03/05/2026 19:24:40
CMN,3329,OK,03/05/2026 19:24:47
CMN,3328,OK,03/05/2026 19:24:55
CMN,3327,OK,03/05/2026 19:25:02
CMN,3326,OK,03/05/2026 19:25:10
CMN,3325,OK,03/05/2026 19:25:17
CMN,3324,OK,03/05/2026 19:25:26
CMN,3323,OK,03/05/2026 19:25:34
CMN,3322,OK,03/05/2026 19:25:42
CMN,3321,OK,03/05/2026 19:25:51
CMN,3320,OK,03/05/2026 19:26:11
CMN,3319,OK,03/05/2026 19:26:19
CMN,3318,OK,03/05/2026 19:26:28
CMN,3317,OK,03/05/2026 19:26:36
CMN,3316,OK,03/05/2026 19:26:43
CMN,3315,OK,03/05/2026 19:26:51
CMN,3314,OK,03/05/2026 19:26:58
CMN,3313,OK,03/05/2026 19:27:06
CMN,3312,OK,03/05/2026 19:27:13
CMN,3311,OK,03/05/2026 19:27:20
CMN,3310,OK,03/05/2026 19:27:28
CMN,3309,OK,03/05/2026 19:27:36
CMN,3308,OK,03/05/2026 19:27:46
CMN,3307,OK,03/05/2026 19:27:55
CMN,3306,OK,03/05/2026 19:28:02
CMN,3305,OK,03/05/2026 19:28:09
CMN,3304,OK,03/05/2026 19:28:17
CMN,3303,OK,03/05/2026 19:28:24
CMN,3302,OK,03/05/2026 19:28:32
CMN,3301,OK,03/05/2026 19:28:40
CMN,3300,OK,03/05/2026 19:29:01
CMN,3299,OK,03/05/2026 19:29:10
CMN,3298,OK,03/05/2026 19:29:22
CMN,3297,OK,03/05/2026 19:29:30
CMN,3296,OK,03/05/2026 19:29:37
CMN,3295,OK,03/05/2026 19:29:45
CMN,3294,OK,03/05/2026 19:29:52
CMN,3293,OK,03/05/2026 19:29:59
CMN,3292,OK,03/05/2026 19:30:07
CMN,3291,OK,03/05/2026 19:30:15
CMN,3290,OK,03/05/2026 19:30:22
CMN,3289,OK,03/05/2026 19:30:30
CMN,3288,OK,03/05/2026 19:30:37
CMN,3287,OK,03/05/2026 19:30:44
CMN,3286,OK,03/05/2026 19:30:52
CMN,3285,OK,03/05/2026 19:30:59
CMN,3284,OK,03/05/2026 19:31:07
CMN,3283,OK,03/05/2026 19:31:14
CMN,3282,OK,03/05/2026 19:31:23
CMN,3281,OK,03/05/2026 19:31:30
CMN,3280,OK,03/05/2026 19:31:54
CMN,3279,OK,03/05/2026 19:32:02
CMN,3278,OK,03/05/2026 19:32:09
CMN,3277,OK,03/05/2026 19:32:17
CMN,3276,OK,03/05/2026 19:32:24
CMN,3275,OK,03/05/2026 19:32:32
CMN,3274,OK,03/05/2026 19:32:39
CMN,3273,OK,03/05/2026 19:32:47
CMN,3272,OK,03/05/2026 19:32:55
CMN,3271,OK,03/05/2026 19:33:02
CMN,3270,OK,03/05/2026 19:33:10
CMN,3269,OK,03/05/2026 19:33:18
CMN,3268,OK,03/05/2026 19:33:25
CMN,3267,OK,03/05/2026 19:33:32
CMN,3266,OK,03/05/2026 19:33:39
CMN,3265,OK,03/05/2026 19:33:47
CMN,3264,OK,03/05/2026 19:33:54
CMN,3263,OK,03/05/2026 19:34:02
CMN,3262,OK,03/05/2026 19:34:09
CMN,3261,OK,03/05/2026 19:34:17
CMN,3260,OK,03/05/2026 19:34:38
CMN,3259,OK,03/05/2026 19:34:46
CMN,3258,OK,03/05/2026 19:34:54
CMN,3257,OK,03/05/2026 19:35:01
CMN,3256,OK,03/05/2026 19:35:08
CMN,3255,OK,03/05/2026 19:35:16
CMN,3254,OK,03/05/2026 19:35:24
CMN,3253,OK,03/05/2026 19:35:31
CMN,3252,OK,03/05/2026 19:35:38
CMN,3251,OK,03/05/2026 19:35:46
CMN,3250,OK,03/05/2026 19:35:53
CMN,3249,OK,03/05/2026 19:36:00
CMN,3248,OK,03/05/2026 19:36:09
CMN,3247,OK,03/05/2026 19:36:16
CMN,3246,OK,03/05/2026 19:36:23
CMN,3245,OK,03/05/2026 19:36:31
CMN,3244,OK,03/05/2026 19:36:38
CMN,3243,OK,03/05/2026 19:36:46
CMN,3242,OK,03/05/2026 19:36:53
CMN,3241,OK,03/05/2026 19:37:02
CMN,3240,OK,03/05/2026 19:37:24
CMN,3239,OK,03/05/2026 19:37:36
CMN,3238,OK,03/05/2026 19:37:44
CMN,3237,OK,03/05/2026 19:37:52
CMN,3236,OK,03/05/2026 19:37:59
CMN,3235,OK,03/05/2026 19:38:07
CMN,3234,OK,03/05/2026 19:38:14
CMN,3233,OK,03/05/2026 19:38:21
CMN,3232,OK,03/05/2026 19:38:29
CMN,3231,OK,03/05/2026 19:38:37
CMN,3230,OK,03/05/2026 19:38:45
CMN,3229,OK,03/05/2026 19:38:52
CMN,3228,OK,03/05/2026 19:38:59
CMN,3227,OK,03/05/2026 19:39:06
CMN,3226,OK,03/05/2026 19:39:14
CMN,3225,OK,03/05/2026 19:39:23
CMN,3224,OK,03/05/2026 19:39:31
CMN,3223,OK,03/05/2026 19:39:40
CMN,3222,OK,03/05/2026 19:39:48
CMN,3221,OK,03/05/2026 19:39:55
CMN,3220,OK,03/05/2026 19:40:17
CMN,3219,OK,03/05/2026 19:40:26
CMN,3218,OK,03/05/2026 19:40:34
CMN,3217,OK,03/05/2026 19:40:43
CMN,3216,OK,03/05/2026 19:40:50
CMN,3215,OK,03/05/2026 19:40:58
CMN,3214,OK,03/05/2026 19:41:05
CMN,3213,OK,03/05/2026 19:41:13
CMN,3212,OK,03/05/2026 19:41:20
CMN,3211,OK,03/05/2026 19:41:28
CMN,3210,OK,03/05/2026 19:41:36
CMN,3209,OK,03/05/2026 19:41:43
CMN,3208,OK,03/05/2026 19:41:52
CMN,3207,OK,03/05/2026 19:42:00
CMN,3206,OK,03/05/2026 19:42:07
CMN,3205,OK,03/05/2026 19:42:15
CMN,3204,OK,03/05/2026 19:42:22
CMN,3203,OK,03/05/2026 19:42:30
CMN,3202,OK,03/05/2026 19:42:37
CMN,3201,OK,03/05/2026 19:42:44
CMN,3200,OK,03/05/2026 19:43:04
CMN,3199,OK,03/05/2026 19:43:13
CMN,3198,OK,03/05/2026 19:43:26
CMN,3197,OK,03/05/2026 19:43:33
CMN,3196,OK,03/05/2026 19:43:40
CMN,3195,OK,03/05/2026 19:43:47
CMN,3194,OK,03/05/2026 19:43:55
CMN,3193,OK,03/05/2026 19:44:03
CMN,3192,OK,03/05/2026 19:44:11
CMN,3191,OK,03/05/2026 19:44:20
CMN,3190,OK,03/05/2026 19:44:28
CMN,3189,OK,03/05/2026 19:44:37
CMN,3188,OK,03/05/2026 19:44:43
CMN,3187,OK,03/05/2026 19:44:52
CMN,3186,OK,03/05/2026 19:45:00
CMN,3185,OK,03/05/2026 19:45:07
CMN,3184,OK,03/05/2026 19:45:15
CMN,3183,OK,03/05/2026 19:45:23
CMN,3182,OK,03/05/2026 19:45:30
CMN,3181,OK,03/05/2026 19:45:37
CMN,3180,OK,03/05/2026 19:46:04
CMN,3179,OK,03/05/2026 19:46:13
CMN,3178,OK,03/05/2026 19:46:20
CMN,3177,OK,03/05/2026 19:46:31
CMN,3176,OK,03/05/2026 19:46:39
CMN,3175,OK,03/05/2026 19:46:46
CMN,3174,OK,03/05/2026 19:46:54
CMN,3173,OK,03/05/2026 19:47:02
CMN,3172,OK,03/05/2026 19:47:10
CMN,3171,OK,03/05/2026 19:47:17
CMN,3170,OK,03/05/2026 19:47:25
CMN,3169,OK,03/05/2026 19:47:34
CMN,3168,OK,03/05/2026 19:47:41
CMN,3167,OK,03/05/2026 19:47:49
CMN,3166,OK,03/05/2026 19:47:57
CMN,3165,OK,03/05/2026 19:48:05
CMN,3164,OK,03/05/2026 19:48:13
CMN,3163,OK,03/05/2026 19:48:21
CMN,3162,OK,03/05/2026 19:48:29
CMN,3161,OK,03/05/2026 19:48:38
CMN,3160,OK,03/05/2026 19:49:02
CMN,3159,OK,03/05/2026 19:49:11
CMN,3158,OK,03/05/2026 19:49:25
CMN,3157,OK,03/05/2026 19:49:33
CMN,3156,OK,03/05/2026 19:49:42
CMN,3155,OK,03/05/2026 19:49:49
CMN,3154,OK,03/05/2026 19:49:59
CMN,3153,OK,03/05/2026 19:50:07
CMN,3152,OK,03/05/2026 19:50:15
CMN,3151,OK,03/05/2026 19:50:22
CMN,3150,OK,03/05/2026 19:50:31
CMN,3149,OK,03/05/2026 19:50:39
CMN,3148,OK,03/05/2026 19:50:47
CMN,3147,OK,03/05/2026 19:50:55
CMN,3146,OK,03/05/2026 19:51:03
CMN,3145,OK,03/05/2026 19:51:11
CMN,3144,OK,03/05/2026 19:51:19
CMN,3143,OK,03/05/2026 19:51:27
CMN,3142,OK,03/05/2026 19:51:35
CMN,3141,OK,03/05/2026 19:51:43
CMN,3140,OK,03/05/2026 19:52:14
CMN,3139,OK,03/05/2026 19:52:23
CMN,3138,OK,03/05/2026 19:52:31
CMN,3137,OK,03/05/2026 19:52:40
CMN,3136,OK,03/05/2026 19:52:48
CMN,3135,OK,03/05/2026 19:52:57
CMN,3134,OK,03/05/2026 19:53:04
CMN,3133,OK,03/05/2026 19:53:12
CMN,3132,OK,03/05/2026 19:53:20
CMN,3131,OK,03/05/2026 19:53:28
CMN,3130,OK,03/05/2026 19:53:36
CMN,3129,OK,03/05/2026 19:53:44
CMN,3128,OK,03/05/2026 19:53:51
CMN,3127,OK,03/05/2026 19:53:59
CMN,3126,OK,03/05/2026 19:54:07
CMN,3125,OK,03/05/2026 19:54:13
CMN,3124,OK,03/05/2026 19:54:21
CMN,3123,OK,03/05/2026 19:54:29
CMN,3122,OK,03/05/2026 19:54:37
CMN,3121,OK,03/05/2026 19:54:44
CMN,3120,OK,03/05/2026 19:55:04
CMN,3119,OK,03/05/2026 19:55:12
CMN,3118,OK,03/05/2026 19:55:20
CMN,3117,OK,03/05/2026 19:55:29
CMN,3116,OK,03/05/2026 19:55:36
CMN,3115,OK,03/05/2026 19:55:44
CMN,3114,OK,03/05/2026 19:55:53
CMN,3113,OK,03/05/2026 19:56:00
CMN,3112,OK,03/05/2026 19:56:09
CMN,3111,OK,03/05/2026 19:56:16
CMN,3110,OK,03/05/2026 19:56:23
CMN,3109,OK,03/05/2026 19:56:31
CMN,3108,OK,03/05/2026 19:56:40
CMN,3107,OK,03/05/2026 19:56:47
CMN,3106,OK,03/05/2026 19:56:55
CMN,3105,OK,03/05/2026 19:57:03
CMN,3104,OK,03/05/2026 19:57:11
CMN,3103,OK,03/05/2026 19:57:18
CMN,3102,OK,03/05/2026 19:57:26
CMN,3101,OK,03/05/2026 19:57:33
CMN,3100,OK,03/05/2026 19:57:52
CMN,3099,OK,03/05/2026 19:58:01
CMN,3098,OK,03/05/2026 19:58:09
CMN,3097,OK,03/05/2026 19:58:18
CMN,3096,OK,03/05/2026 19:58:26
CMN,3095,OK,03/05/2026 19:58:34
CMN,3094,OK,03/05/2026 19:58:43
CMN,3093,OK,03/05/2026 19:58:51
CMN,3092,OK,03/05/2026 19:58:59
CMN,3091,OK,03/05/2026 19:59:06
CMN,3090,OK,03/05/2026 19:59:14
CMN,3089,OK,03/05/2026 19:59:22
CMN,3088,OK,03/05/2026 19:59:29
CMN,3087,OK,03/05/2026 19:59:36
CMN,3086,OK,03/05/2026 19:59:44
CMN,3085,OK,03/05/2026 19:59:52
CMN,3084,OK,03/05/2026 20:00:00
CMN,3083,OK,03/05/2026 20:00:08
CMN,3082,OK,03/05/2026 20:00:16
CMN,3081,OK,03/05/2026 20:00:23
CMN,3080,OK,03/05/2026 20:00:45
CMN,3079,OK,03/05/2026 20:00:54
CMN,3078,OK,03/05/2026 20:01:03
CMN,3077,OK,03/05/2026 20:01:10
CMN,3076,OK,03/05/2026 20:01:19
CMN,3075,OK,03/05/2026 20:01:26
CMN,3074,OK,03/05/2026 20:01:34
CMN,3073,OK,03/05/2026 20:01:41
CMN,3072,OK,03/05/2026 20:01:48
CMN,3071,OK,03/05/2026 20:01:56
CMN,3070,OK,03/05/2026 20:02:03
CMN,3069,OK,03/05/2026 20:02:11
CMN,3068,OK,03/05/2026 20:02:38
CMN,3067,OK,03/05/2026 20:02:46
CMN,3066,OK,03/05/2026 20:02:54
CMN,3065,OK,03/05/2026 20:03:01
CMN,3064,OK,03/05/2026 20:03:09
CMN,3063,OK,03/05/2026 20:03:16
CMN,3062,OK,03/05/2026 20:03:24
CMN,3061,OK,03/05/2026 20:03:31
CMN,3060,OK,03/05/2026 20:03:54
CMN,3059,OK,03/05/2026 20:04:04
CMN,3058,OK,03/05/2026 20:04:13
CMN,3057,OK,03/05/2026 20:04:20
CMN,3056,OK,03/05/2026 20:04:27
CMN,3055,OK,03/05/2026 20:04:35
CMN,3054,OK,03/05/2026 20:04:42
CMN,3053,OK,03/05/2026 20:04:50
CMN,3052,OK,03/05/2026 20:04:59
CMN,3051,OK,03/05/2026 20:05:07
CMN,3050,OK,03/05/2026 20:05:15
CMN,3049,OK,03/05/2026 20:05:24
CMN,3048,OK,03/05/2026 20:05:31
CMN,3047,OK,03/05/2026 20:05:40
CMN,3046,OK,03/05/2026 20:05:48
CMN,3045,OK,03/05/2026 20:05:56
CMN,3044,OK,03/05/2026 20:06:04
CMN,3043,OK,03/05/2026 20:06:13
CMN,3042,OK,03/05/2026 20:06:20
CMN,3041,OK,03/05/2026 20:06:28
CMN,3040,OK,03/05/2026 20:06:52
CMN,3039,OK,03/05/2026 20:07:03
CMN,3038,OK,03/05/2026 20:07:13
CMN,3037,OK,03/05/2026 20:07:22
CMN,3036,OK,03/05/2026 20:07:31
CMN,3035,OK,03/05/2026 20:07:41
CMN,3034,OK,03/05/2026 20:07:50
CMN,3033,OK,03/05/2026 20:07:58
CMN,3032,OK,03/05/2026 20:08:06
CMN,3031,OK,03/05/2026 20:08:13
CMN,3030,OK,03/05/2026 20:08:21
CMN,3029,OK,03/05/2026 20:08:30
CMN,3028,OK,03/05/2026 20:08:38
CMN,3027,OK,03/05/2026 20:08:45
CMN,3026,OK,03/05/2026 20:08:53
CMN,3025,OK,03/05/2026 20:09:02
CMN,3024,OK,03/05/2026 20:09:10
CMN,3023,OK,03/05/2026 20:09:19
CMN,3022,OK,03/05/2026 20:09:28
CMN,3021,OK,03/05/2026 20:09:36
CMN,3020,OK,03/05/2026 20:10:01
CMN,3019,OK,03/05/2026 20:10:10
CMN,3018,OK,03/05/2026 20:10:19
CMN,3017,OK,03/05/2026 20:10:27
CMN,3016,OK,03/05/2026 20:10:34
CMN,3015,OK,03/05/2026 20:10:42
CMN,3014,OK,03/05/2026 20:10:51
CMN,3013,OK,03/05/2026 20:10:59
CMN,3012,OK,03/05/2026 20:11:07
CMN,3011,OK,03/05/2026 20:11:14
CMN,3010,OK,03/05/2026 20:11:23
CMN,3009,OK,03/05/2026 20:11:31
CMN,3008,OK,03/05/2026 20:11:39
CMN,3007,OK,03/05/2026 20:11:46
CMN,3006,OK,03/05/2026 20:11:54
CMN,3005,OK,03/05/2026 20:12:03
CMN,3004,OK,03/05/2026 20:12:12
CMN,3003,OK,03/05/2026 20:12:21
CMN,3002,OK,03/05/2026 20:12:28
CMN,3001,OK,03/05/2026 20:12:37
CMN,3000,OK,03/05/2026 20:13:07
CMN,2999,OK,03/05/2026 20:13:16
CMN,2998,OK,03/05/2026 20:13:27
CMN,2997,OK,03/05/2026 20:13:36
CMN,2996,OK,03/05/2026 20:13:44
CMN,2995,OK,03/05/2026 20:13:53
CMN,2994,OK,03/05/2026 20:14:00
CMN,2993,OK,03/05/2026 20:14:08
CMN,2992,OK,03/05/2026 20:14:16
CMN,2991,OK,03/05/2026 20:14:23
CMN,2990,OK,03/05/2026 20:14:33
CMN,2989,OK,03/05/2026 20:14:40
CMN,2988,OK,03/05/2026 20:14:48
CMN,2987,OK,03/05/2026 20:14:56
CMN,2986,OK,03/05/2026 20:15:04
CMN,2985,OK,03/05/2026 20:15:13
CMN,2984,OK,03/05/2026 20:15:21
CMN,2983,OK,03/05/2026 20:15:29
CMN,2982,OK,03/05/2026 20:15:38
CMN,2981,OK,03/05/2026 20:15:46
CMN,2980,OK,03/05/2026 20:16:09
CMN,2979,OK,03/05/2026 20:16:18
CMN,2978,OK,03/05/2026 20:16:26
CMN,2977,OK,03/05/2026 20:16:34
CMN,2976,OK,03/05/2026 20:16:42
CMN,2975,OK,03/05/2026 20:16:50
CMN,2974,OK,03/05/2026 20:16:58
CMN,2973,OK,03/05/2026 20:17:05
CMN,2972,OK,03/05/2026 20:17:12
CMN,2971,OK,03/05/2026 20:17:21
CMN,2970,OK,03/05/2026 20:17:29
CMN,2969,OK,03/05/2026 20:17:37
CMN,2968,OK,03/05/2026 20:17:44
CMN,2967,OK,03/05/2026 20:17:53
CMN,2966,OK,03/05/2026 20:18:01
CMN,2965,OK,03/05/2026 20:18:09
CMN,2964,OK,03/05/2026 20:18:16
CMN,2963,OK,03/05/2026 20:18:24
CMN,2962,OK,03/05/2026 20:18:31
CMN,2961,OK,03/05/2026 20:18:39
CMN,2960,OK,03/05/2026 20:19:02
CMN,2959,OK,03/05/2026 20:19:14
CMN,2958,OK,03/05/2026 20:19:22
CMN,2957,OK,03/05/2026 20:19:36
CMN,2956,OK,03/05/2026 20:19:44
CMN,2955,OK,03/05/2026 20:19:52
CMN,2954,OK,03/05/2026 20:20:02
CMN,2953,OK,03/05/2026 20:20:10
CMN,2952,OK,03/05/2026 20:20:18
CMN,2951,OK,03/05/2026 20:20:26
CMN,2950,OK,03/05/2026 20:20:35
CMN,2949,OK,03/05/2026 20:20:42
CMN,2948,OK,03/05/2026 20:20:50
CMN,2947,OK,03/05/2026 20:20:58
CMN,2946,OK,03/05/2026 20:21:06
CMN,2945,OK,03/05/2026 20:21:14
CMN,2944,OK,03/05/2026 20:21:21
CMN,2943,OK,03/05/2026 20:21:30
CMN,2942,OK,03/05/2026 20:21:38
CMN,2941,OK,03/05/2026 20:21:46
CMN,2940,OK,03/05/2026 20:22:10
CMN,2939,OK,03/05/2026 20:22:20
CMN,2938,OK,03/05/2026 20:22:29
CMN,2937,OK,03/05/2026 20:22:38
CMN,2936,OK,03/05/2026 20:22:45
CMN,2935,OK,03/05/2026 20:22:53
CMN,2934,OK,03/05/2026 20:23:00
CMN,2933,OK,03/05/2026 20:23:09
CMN,2932,OK,03/05/2026 20:23:17
CMN,2931,OK,03/05/2026 20:23:24
CMN,2930,OK,03/05/2026 20:23:32
CMN,2929,OK,03/05/2026 20:23:40
CMN,2928,OK,03/05/2026 20:23:48
CMN,2927,OK,03/05/2026 20:23:57
CMN,2926,OK,03/05/2026 20:24:04
CMN,2925,OK,03/05/2026 20:24:11
CMN,2924,OK,03/05/2026 20:24:19
CMN,2923,OK,03/05/2026 20:24:28
CMN,2922,OK,03/05/2026 20:24:35
CMN,2921,OK,03/05/2026 20:24:43
CMN,2920,OK,03/05/2026 20:25:05
CMN,2919,OK,03/05/2026 20:25:15
CMN,2918,OK,03/05/2026 20:25:24
CMN,2917,OK,03/05/2026 20:25:34
CMN,2916,OK,03/05/2026 20:25:42
CMN,2915,OK,03/05/2026 20:25:49
CMN,2914,OK,03/05/2026 20:25:56
CMN,2913,OK,03/05/2026 20:26:05
CMN,2912,OK,03/05/2026 20:26:13
CMN,2911,OK,03/05/2026 20:26:20
CMN,2910,OK,03/05/2026 20:26:27
CMN,2909,OK,03/05/2026 20:26:36
CMN,2908,OK,03/05/2026 20:26:44
CMN,2907,OK,03/05/2026 20:26:52
CMN,2906,OK,03/05/2026 20:27:00
CMN,2905,OK,03/05/2026 20:27:09
CMN,2904,OK,03/05/2026 20:27:17
CMN,2903,OK,03/05/2026 20:27:26
CMN,2902,OK,03/05/2026 20:27:34
CMN,2901,OK,03/05/2026 20:27:43
CMN,2900,OK,03/05/2026 20:28:09
CMN,2899,OK,03/05/2026 20:28:17
CMN,2898,OK,03/05/2026 20:28:27
CMN,2897,OK,03/05/2026 20:28:36
CMN,2896,OK,03/05/2026 20:28:45
CMN,2895,OK,03/05/2026 20:28:53
CMN,2894,OK,03/05/2026 20:29:01
CMN,2893,OK,03/05/2026 20:29:09
CMN,2892,OK,03/05/2026 20:29:18
CMN,2891,OK,03/05/2026 20:29:26
CMN,2890,OK,03/05/2026 20:29:37
CMN,2889,OK,03/05/2026 20:29:46
CMN,2888,OK,03/05/2026 20:29:55
CMN,2887,OK,03/05/2026 20:30:03
CMN,2886,OK,03/05/2026 20:30:13
CMN,2885,OK,03/05/2026 20:30:20
CMN,2884,OK,03/05/2026 20:30:29
CMN,2883,OK,03/05/2026 20:30:37
CMN,2882,OK,03/05/2026 20:30:46
CMN,2881,OK,03/05/2026 20:30:55
CMN,2880,OK,03/05/2026 20:31:19
CMN,2879,OK,03/05/2026 20:31:35
CMN,2878,OK,03/05/2026 20:31:46
CMN,2877,OK,03/05/2026 20:31:55
CMN,2876,OK,03/05/2026 20:32:05
CMN,2875,OK,03/05/2026 20:32:13
CMN,2874,OK,03/05/2026 20:32:21
CMN,2873,OK,03/05/2026 20:32:30
CMN,2872,OK,03/05/2026 20:32:38
CMN,2871,OK,03/05/2026 20:32:47
CMN,2870,OK,03/05/2026 20:32:55
CMN,2869,OK,03/05/2026 20:33:03
CMN,2868,OK,03/05/2026 20:33:11
CMN,2867,OK,03/05/2026 20:33:19
CMN,2866,OK,03/05/2026 20:33:27
CMN,2865,OK,03/05/2026 20:33:35
CMN,2864,OK,03/05/2026 20:33:44
CMN,2863,OK,03/05/2026 20:33:52
CMN,2862,OK,03/05/2026 20:34:00
CMN,2861,OK,03/05/2026 20:34:08
CMN,2860,OK,03/05/2026 20:34:36
CMN,2859,OK,03/05/2026 20:34:44
CMN,2858,OK,03/05/2026 20:34:54
CMN,2857,OK,03/05/2026 20:35:03
CMN,2856,OK,03/05/2026 20:35:11
CMN,2855,OK,03/05/2026 20:35:18
CMN,2854,OK,03/05/2026 20:35:26
CMN,2853,OK,03/05/2026 20:35:34
CMN,2852,OK,03/05/2026 20:35:43
CMN,2851,OK,03/05/2026 20:35:50
CMN,2850,OK,03/05/2026 20:35:58
CMN,2849,OK,03/05/2026 20:36:07
CMN,2848,OK,03/05/2026 20:36:14
CMN,2847,OK,03/05/2026 20:36:21
CMN,2846,OK,03/05/2026 20:36:29
CMN,2845,OK,03/05/2026 20:36:38
CMN,2844,OK,03/05/2026 20:36:45
CMN,2843,OK,03/05/2026 20:36:52
CMN,2842,OK,03/05/2026 20:37:00
CMN,2841,OK,03/05/2026 20:37:08
CMN,2840,OK,03/05/2026 20:37:30
CMN,2839,OK,03/05/2026 20:37:40
CMN,2838,OK,03/05/2026 20:37:50
CMN,2837,OK,03/05/2026 20:37:58
CMN,2836,OK,03/05/2026 20:38:07
CMN,2835,OK,03/05/2026 20:38:15
CMN,2834,OK,03/05/2026 20:38:23
CMN,2833,OK,03/05/2026 20:38:31
CMN,2832,OK,03/05/2026 20:38:39
CMN,2831,OK,03/05/2026 20:38:47
CMN,2830,OK,03/05/2026 20:38:54
CMN,2829,OK,03/05/2026 20:39:04
CMN,2828,OK,03/05/2026 20:39:11
CMN,2827,OK,03/05/2026 20:39:19
CMN,2826,OK,03/05/2026 20:39:27
CMN,2825,OK,03/05/2026 20:39:35
CMN,2824,OK,03/05/2026 20:39:42
CMN,2823,OK,03/05/2026 20:39:50
CMN,2822,OK,03/05/2026 20:39:58
CMN,2821,OK,03/05/2026 20:40:06
CMN,2820,OK,03/05/2026 20:40:54
CMN,2819,OK,03/05/2026 20:41:02
CMN,2818,OK,03/05/2026 20:41:09
CMN,2817,OK,03/05/2026 20:41:17
CMN,2816,OK,03/05/2026 20:41:24
CMN,2815,OK,03/05/2026 20:41:35
CMN,2814,OK,03/05/2026 20:41:43
CMN,2813,OK,03/05/2026 20:41:51
CMN,2812,OK,03/05/2026 20:41:59
CMN,2811,OK,03/05/2026 20:42:07
CMN,2810,OK,03/05/2026 20:42:16
CMN,2809,OK,03/05/2026 20:42:24
CMN,2808,OK,03/05/2026 20:42:32
CMN,2807,OK,03/05/2026 20:42:39
CMN,2806,OK,03/05/2026 20:42:47
CMN,2805,OK,03/05/2026 20:42:54
CMN,2804,OK,03/05/2026 20:43:03
CMN,2803,OK,03/05/2026 20:43:11
CMN,2802,OK,03/05/2026 20:43:20
CMN,2801,OK,03/05/2026 20:43:28
CMN,2800,OK,03/05/2026 20:44:00
CMN,2799,OK,03/05/2026 20:44:10
CMN,2798,OK,03/05/2026 20:44:20
CMN,2797,OK,03/05/2026 20:44:31
CMN,2796,OK,03/05/2026 20:44:39
CMN,2795,OK,03/05/2026 20:44:48
CMN,2794,OK,03/05/2026 20:44:56
CMN,2793,OK,03/05/2026 20:45:03
CMN,2792,OK,03/05/2026 20:45:11
CMN,2791,OK,03/05/2026 20:45:19
CMN,2790,OK,03/05/2026 20:45:27
CMN,2789,OK,03/05/2026 20:45:36
CMN,2788,OK,03/05/2026 20:45:43
CMN,2787,OK,03/05/2026 20:45:52
CMN,2786,OK,03/05/2026 20:45:59
CMN,2785,OK,03/05/2026 20:46:11
CMN,2784,OK,03/05/2026 20:46:19
CMN,2783,OK,03/05/2026 20:46:27
CMN,2782,OK,03/05/2026 20:46:35
CMN,2781,OK,03/05/2026 20:46:43
CMN,2780,OK,03/05/2026 20:47:13
CMN,2779,OK,03/05/2026 20:47:21
CMN,2778,OK,03/05/2026 20:47:32
CMN,2777,OK,03/05/2026 20:47:41
CMN,2776,OK,03/05/2026 20:47:51
CMN,2775,OK,03/05/2026 20:47:59
CMN,2774,OK,03/05/2026 20:48:09
CMN,2773,OK,03/05/2026 20:48:17
CMN,2772,OK,03/05/2026 20:48:24
CMN,2771,OK,03/05/2026 20:48:32
CMN,2770,OK,03/05/2026 20:48:42
CMN,2769,OK,03/05/2026 20:48:49
CMN,2768,OK,03/05/2026 20:48:58
CMN,2767,OK,03/05/2026 20:49:06
CMN,2766,OK,03/05/2026 20:49:14
CMN,2765,OK,03/05/2026 20:49:21
CMN,2764,OK,03/05/2026 20:49:29
CMN,2763,OK,03/05/2026 20:49:36
CMN,2762,OK,03/05/2026 20:49:44
CMN,2761,OK,03/05/2026 20:49:52
CMN,2760,OK,03/05/2026 20:50:15
CMN,2759,OK,03/05/2026 20:50:24
CMN,2758,OK,03/05/2026 20:50:34
CMN,2757,OK,03/05/2026 20:50:43
CMN,2756,OK,03/05/2026 20:50:50
CMN,2755,OK,03/05/2026 20:50:57
CMN,2754,OK,03/05/2026 20:51:04
CMN,2753,OK,03/05/2026 20:51:11
CMN,2752,OK,03/05/2026 20:51:18
CMN,2751,OK,03/05/2026 20:51:25
CMN,2750,OK,03/05/2026 20:51:31
CMN,2749,OK,03/05/2026 20:51:37
CMN,2748,OK,03/05/2026 20:51:44
CMN,2747,OK,03/05/2026 20:51:50
CMN,2746,OK,03/05/2026 20:51:56
CMN,2745,OK,03/05/2026 20:52:03
CMN,2744,OK,03/05/2026 20:52:09
CMN,2743,OK,03/05/2026 20:52:16
CMN,2742,OK,03/05/2026 20:52:22
CMN,2741,OK,03/05/2026 20:52:29
CMN,2740,OK,03/05/2026 20:52:54
CMN,2739,OK,03/05/2026 20:53:03
CMN,2738,OK,03/05/2026 20:53:12
CMN,2737,OK,03/05/2026 20:53:20
CMN,2736,OK,03/05/2026 20:53:28
CMN,2735,OK,03/05/2026 20:53:35
CMN,2734,OK,03/05/2026 20:53:43
CMN,2733,OK,03/05/2026 20:53:52
CMN,2732,OK,03/05/2026 20:54:01
CMN,2731,OK,03/05/2026 20:54:09
CMN,2730,OK,03/05/2026 20:54:18
CMN,2729,OK,03/05/2026 20:54:26
CMN,2728,OK,03/05/2026 20:54:54
CMN,2727,OK,03/05/2026 20:55:02
CMN,2726,OK,03/05/2026 20:55:09
CMN,2725,OK,03/05/2026 20:55:17
CMN,2724,OK,03/05/2026 20:55:24
CMN,2723,OK,03/05/2026 20:55:33
CMN,2722,OK,03/05/2026 20:55:41
CMN,2721,OK,03/05/2026 20:55:49
CMN,2720,OK,03/05/2026 20:56:12
CMN,2719,OK,03/05/2026 20:56:20
CMN,2718,OK,03/05/2026 20:56:29
CMN,2717,OK,03/05/2026 20:56:38
CMN,2716,OK,03/05/2026 20:56:45
CMN,2715,OK,03/05/2026 20:56:54
CMN,2714,OK,03/05/2026 20:57:01
CMN,2713,OK,03/05/2026 20:57:14
CMN,2712,OK,03/05/2026 20:57:24
CMN,2711,OK,03/05/2026 20:57:32
CMN,2710,OK,03/05/2026 20:57:39
CMN,2709,OK,03/05/2026 20:58:06
CMN,2708,OK,03/05/2026 20:58:14
CMN,2707,OK,03/05/2026 20:58:21
CMN,2706,OK,03/05/2026 20:58:30
CMN,2705,OK,03/05/2026 20:58:39
CMN,2704,OK,03/05/2026 20:58:47
CMN,2703,OK,03/05/2026 20:58:54
CMN,2702,OK,03/05/2026 20:59:22
CMN,2701,OK,03/05/2026 20:59:30
CMN,2700,OK,03/05/2026 20:59:53
CMN,2699,OK,03/05/2026 21:00:03
CMN,2698,OK,03/05/2026 21:00:11
CMN,2697,OK,03/05/2026 21:00:19
CMN,2696,OK,03/05/2026 21:00:27
CMN,2695,OK,03/05/2026 21:00:34
CMN,2694,OK,03/05/2026 21:00:41
CMN,2693,OK,03/05/2026 21:00:49
CMN,2692,OK,03/05/2026 21:00:58
CMN,2691,OK,03/05/2026 21:01:05
CMN,2690,OK,03/05/2026 21:01:13
CMN,2689,OK,03/05/2026 21:01:20
CMN,2688,OK,03/05/2026 21:01:27
CMN,2687,OK,03/05/2026 21:01:34
CMN,2686,OK,03/05/2026 21:01:42
CMN,2685,OK,03/05/2026 21:01:50
CMN,2684,OK,03/05/2026 21:01:58
CMN,2683,OK,03/05/2026 21:02:06
CMN,2682,OK,03/05/2026 21:02:14
CMN,2681,OK,03/05/2026 21:02:22
CMN,2680,OK,03/05/2026 21:02:46
CMN,2679,OK,03/05/2026 21:02:54
CMN,2678,OK,03/05/2026 21:03:03
CMN,2677,OK,03/05/2026 21:03:14
CMN,2676,OK,03/05/2026 21:03:23
CMN,2675,OK,03/05/2026 21:03:32
CMN,2674,OK,03/05/2026 21:03:39
CMN,2673,OK,03/05/2026 21:03:47
CMN,2672,OK,03/05/2026 21:03:54
CMN,2671,OK,03/05/2026 21:04:01
CMN,2670,OK,03/05/2026 21:04:08
CMN,2669,OK,03/05/2026 21:04:17
CMN,2668,OK,03/05/2026 21:04:26
CMN,2667,OK,03/05/2026 21:04:34
CMN,2666,OK,03/05/2026 21:04:42
CMN,2665,OK,03/05/2026 21:04:50
CMN,2664,OK,03/05/2026 21:04:57
CMN,2663,OK,03/05/2026 21:05:04
CMN,2662,OK,03/05/2026 21:05:11
CMN,2661,OK,03/05/2026 21:05:19
CMN,2660,OK,03/05/2026 21:05:43
CMN,2659,OK,03/05/2026 21:05:51
CMN,2658,OK,03/05/2026 21:06:01
CMN,2657,OK,03/05/2026 21:06:08
CMN,2656,OK,03/05/2026 21:06:16
CMN,2655,OK,03/05/2026 21:06:25
CMN,2654,OK,03/05/2026 21:06:33
CMN,2653,OK,03/05/2026 21:06:40
CMN,2652,OK,03/05/2026 21:06:47
CMN,2651,OK,03/05/2026 21:06:54
CMN,2650,OK,03/05/2026 21:07:01
CMN,2649,OK,03/05/2026 21:07:08
CMN,2648,OK,03/05/2026 21:07:17
CMN,2647,OK,03/05/2026 21:07:26
CMN,2646,OK,03/05/2026 21:07:33
CMN,2645,OK,03/05/2026 21:07:42
CMN,2644,OK,03/05/2026 21:07:51
CMN,2643,OK,03/05/2026 21:07:59
CMN,2642,OK,03/05/2026 21:08:07
CMN,2641,OK,03/05/2026 21:08:17
CMN,2640,OK,03/05/2026 21:08:41
CMN,2639,OK,03/05/2026 21:08:50
CMN,2638,OK,03/05/2026 21:09:00
CMN,2637,OK,03/05/2026 21:09:07
CMN,2636,OK,03/05/2026 21:09:15
CMN,2635,OK,03/05/2026 21:09:22
CMN,2634,OK,03/05/2026 21:09:30
CMN,2633,OK,03/05/2026 21:09:39
CMN,2632,OK,03/05/2026 21:09:47
CMN,2631,OK,03/05/2026 21:09:55
CMN,2630,OK,03/05/2026 21:10:03
CMN,2629,OK,03/05/2026 21:10:11
CMN,2628,OK,03/05/2026 21:10:19
CMN,2627,OK,03/05/2026 21:10:26
CMN,2626,OK,03/05/2026 21:10:35
CMN,2625,OK,03/05/2026 21:10:42
CMN,2624,OK,03/05/2026 21:10:49
CMN,2623,OK,03/05/2026 21:10:57
CMN,2622,OK,03/05/2026 21:11:05
CMN,2621,OK,03/05/2026 21:11:12
CMN,2620,OK,03/05/2026 21:11:34
CMN,2619,OK,03/05/2026 21:11:42
CMN,2618,OK,03/05/2026 21:11:53
CMN,2617,OK,03/05/2026 21:12:01
CMN,2616,OK,03/05/2026 21:12:10
CMN,2615,OK,03/05/2026 21:12:18
CMN,2614,OK,03/05/2026 21:12:26
CMN,2613,OK,03/05/2026 21:12:33
CMN,2612,OK,03/05/2026 21:12:41
CMN,2611,OK,03/05/2026 21:12:48
CMN,2610,OK,03/05/2026 21:12:56
CMN,2609,OK,03/05/2026 21:13:03
CMN,2608,OK,03/05/2026 21:13:11
CMN,2607,OK,03/05/2026 21:13:19
CMN,2606,OK,03/05/2026 21:13:27
CMN,2605,OK,03/05/2026 21:13:34
CMN,2604,OK,03/05/2026 21:13:43
CMN,2603,OK,03/05/2026 21:13:49
CMN,2602,OK,03/05/2026 21:13:57
CMN,2601,OK,03/05/2026 21:14:04
CMN,2600,OK,03/05/2026 21:14:43
CMN,2599,OK,03/05/2026 21:14:52
CMN,2598,OK,03/05/2026 21:14:59
CMN,2597,OK,03/05/2026 21:15:06
CMN,2596,OK,03/05/2026 21:15:13
CMN,2595,OK,03/05/2026 21:15:20
CMN,2594,OK,03/05/2026 21:15:27
CMN,2593,OK,03/05/2026 21:15:35
CMN,2592,OK,03/05/2026 21:15:43
CMN,2591,OK,03/05/2026 21:15:52
CMN,2590,OK,03/05/2026 21:16:01
CMN,2589,OK,03/05/2026 21:16:07
CMN,2588,OK,03/05/2026 21:16:15
CMN,2587,OK,03/05/2026 21:16:23
CMN,2586,OK,03/05/2026 21:16:30
CMN,2585,OK,03/05/2026 21:16:39
CMN,2584,OK,03/05/2026 21:16:47
CMN,2583,OK,03/05/2026 21:16:55
CMN,2582,OK,03/05/2026 21:17:02
CMN,2581,OK,03/05/2026 21:17:10
CMN,2580,OK,03/05/2026 21:17:30
CMN,2579,OK,03/05/2026 21:17:42
CMN,2578,OK,03/05/2026 21:17:51
CMN,2577,OK,03/05/2026 21:17:59
CMN,2576,OK,03/05/2026 21:18:07
CMN,2575,OK,03/05/2026 21:18:15
CMN,2574,OK,03/05/2026 21:18:23
CMN,2573,OK,03/05/2026 21:18:31
CMN,2572,OK,03/05/2026 21:18:38
CMN,2571,OK,03/05/2026 21:18:45
CMN,2570,OK,03/05/2026 21:18:52
CMN,2569,OK,03/05/2026 21:18:59
CMN,2568,OK,03/05/2026 21:19:09
CMN,2567,OK,03/05/2026 21:19:17
CMN,2566,OK,03/05/2026 21:19:24
CMN,2565,OK,03/05/2026 21:19:33
CMN,2564,OK,03/05/2026 21:19:41
CMN,2563,OK,03/05/2026 21:19:49
CMN,2562,OK,03/05/2026 21:19:58
CMN,2561,OK,03/05/2026 21:20:06
CMN,2560,OK,03/05/2026 21:20:26
CMN,2559,OK,03/05/2026 21:20:35
CMN,2558,OK,03/05/2026 21:20:47
CMN,2557,OK,03/05/2026 21:20:54
CMN,2556,OK,03/05/2026 21:21:02
CMN,2555,OK,03/05/2026 21:21:09
CMN,2554,OK,03/05/2026 21:21:16
CMN,2553,OK,03/05/2026 21:21:24
CMN,2552,OK,03/05/2026 21:21:33
CMN,2551,OK,03/05/2026 21:21:41
CMN,2550,OK,03/05/2026 21:21:49
CMN,2549,OK,03/05/2026 21:21:57
CMN,2548,OK,03/05/2026 21:22:04
CMN,2547,OK,03/05/2026 21:22:12
CMN,2546,OK,03/05/2026 21:22:19
CMN,2545,OK,03/05/2026 21:22:27
CMN,2544,OK,03/05/2026 21:22:34
CMN,2543,OK,03/05/2026 21:22:41
CMN,2542,OK,03/05/2026 21:22:49
CMN,2541,OK,03/05/2026 21:22:56
CMN,2540,OK,03/05/2026 21:23:17
CMN,2539,OK,03/05/2026 21:23:25
CMN,2538,OK,03/05/2026 21:23:34
CMN,2537,OK,03/05/2026 21:23:45
CMN,2536,OK,03/05/2026 21:23:55
CMN,2535,OK,03/05/2026 21:24:02
CMN,2534,OK,03/05/2026 21:24:09
CMN,2533,OK,03/05/2026 21:24:16
CMN,2532,OK,03/05/2026 21:24:24
CMN,2531,OK,03/05/2026 21:24:31
CMN,2530,OK,03/05/2026 21:24:39
CMN,2529,OK,03/05/2026 21:24:47
CMN,2528,OK,03/05/2026 21:24:56
CMN,2527,OK,03/05/2026 21:25:04
CMN,2526,OK,03/05/2026 21:25:12
CMN,2525,OK,03/05/2026 21:25:19
CMN,2524,OK,03/05/2026 21:25:27
CMN,2523,OK,03/05/2026 21:25:36
CMN,2522,OK,03/05/2026 21:25:45
CMN,2521,OK,03/05/2026 21:25:53
CMN,2520,OK,03/05/2026 21:26:29
CMN,2519,OK,03/05/2026 21:26:39
CMN,2518,OK,03/05/2026 21:26:47
CMN,2517,OK,03/05/2026 21:26:55
CMN,2516,OK,03/05/2026 21:27:03
CMN,2515,OK,03/05/2026 21:27:10
CMN,2514,OK,03/05/2026 21:27:18
CMN,2513,OK,03/05/2026 21:27:25
CMN,2512,OK,03/05/2026 21:27:32
CMN,2511,OK,03/05/2026 21:27:40
CMN,2510,OK,03/05/2026 21:27:48
CMN,2509,OK,03/05/2026 21:27:56
CMN,2508,OK,03/05/2026 21:28:05
CMN,2507,OK,03/05/2026 21:28:12
CMN,2506,OK,03/05/2026 21:28:20
CMN,2505,OK,03/05/2026 21:28:28
CMN,2504,OK,03/05/2026 21:28:34
CMN,2503,OK,03/05/2026 21:28:42
CMN,2502,OK,03/05/2026 21:28:49
CMN,2501,OK,03/05/2026 21:28:56
CMN,2500,OK,03/05/2026 21:29:16
CMN,2499,OK,03/05/2026 21:29:24
CMN,2498,OK,03/05/2026 21:29:33
CMN,2497,OK,03/05/2026 21:29:40
CMN,2496,OK,03/05/2026 21:29:46
CMN,2495,OK,03/05/2026 21:29:53
CMN,2494,OK,03/05/2026 21:30:00
CMN,2493,OK,03/05/2026 21:30:06
CMN,2492,OK,03/05/2026 21:30:13
CMN,2491,OK,03/05/2026 21:30:19
CMN,2490,OK,03/05/2026 21:30:26
CMN,2489,OK,03/05/2026 21:30:34
CMN,2488,OK,03/05/2026 21:30:41
CMN,2487,OK,03/05/2026 21:30:49
CMN,2486,OK,03/05/2026 21:30:56
CMN,2485,OK,03/05/2026 21:31:05
CMN,2484,OK,03/05/2026 21:31:13
CMN,2483,OK,03/05/2026 21:31:21
CMN,2482,OK,03/05/2026 21:31:28
CMN,2481,OK,03/05/2026 21:31:42
